1.0000,68.9483,59.2396,103.9814,2.0000,-39.1007,-69.5429,-18.9442,4.0000,-169.9995,-59.1412,172.0453,3.0000,-83.7928,8.2715,24.9813,5.0000,6.4323,1.9729,-131.7207,7.0000,107.2662,-78.1343,172.8948,8.0000,101.8300,-3.0414,162.5820,10.0000,170.9360,-51.1526,156.1272,9.0000,-174.6893,60.2889,-64.6727,11.0000,-92.6276,-67.8578,161.1655
1.0000,-18.6592,48.9161,38.5679,2.0000,-28.6593,68.4195,-164.7592,4.0000,-22.8198,-23.5983,-51.3384,3.0000,9.8452,-15.2143,176.7725,5.0000,28.5968,-21.0149,-90.2413,7.0000,-2.6194,-50.1517,-32.2528,8.0000,-26.0365,-13.1066,-62.5685,10.0000,-20.0581,-20.6485,176.5863,9.0000,-3.1689,10.0391,142.0734,11.0000,9.9065,2.2161,72.9900
1.0000,-18.6592,48.9161,38.5679,2.0000,-28.5475,68.3375,-164.6241,4.0000,-22.8198,-23.5983,-51.3384,3.0000,9.8452,-15.2143,176.7725,5.0000,28.5968,-21.0149,-90.2413,7.0000,-2.6194,-50.1517,-32.2528,8.0000,-26.0365,-13.1066,-62.5685,10.0000,-20.0581,-20.6485,176.5863,9.0000,-3.1689,10.0391,142.0734,11.0000,10.7558,1.1013,72.9352
1.0000,-18.6592,48.9161,38.5679,2.0000,-28.5475,68.3375,-164.6241,4.0000,-22.8198,-23.5983,-51.3384,3.0000,9.8994,-15.2209,176.4986,5.0000,28.5968,-21.0149,-90.2413,7.0000,-4.2632,-50.4323,-32.0649,8.0000,-26.0365,-13.1066,-62.5685,10.0000,-20.0581,-20.6485,176.5863,9.0000,-3.1689,10.0391,142.0734,11.0000,10.7558,1.1013,72.9352
1.0000,-18.6592,48.9161,38.5679,2.0000,-28.5475,68.3375,-164.6241,4.0000,-22.8838,-23.4969,-51.4156,3.0000,9.8994,-15.2209,176.4986,5.0000,28.5968,-21.0149,-90.2413,7.0000,-4.2632,-50.4323,-32.0649,8.0000,-21.8218,-14.8624,-65.6003,10.0000,-20.0581,-20.6485,176.5863,9.0000,-3.1689,10.0391,142.0734,11.0000,10.7558,1.1013,72.9352
1.0000,-18.6592,48.9161,38.5679,2.0000,-28.5475,68.3375,-164.6241,4.0000,-22.8838,-23.4969,-51.4156,3.0000,9.8994,-15.2209,176.4986,5.0000,28.6103,-21.0204,-90.2068,7.0000,-4.2632,-50.4323,-32.0649,8.0000,-21.8218,-14.8624,-65.6003,10.0000,-20.0581,-20.6485,176.5863,9.0000,-2.2479,8.6052,139.4601,11.0000,10.7558,1.1013,72.9352
1.0000,-18.5316,48.8374,38.8886,2.0000,-28.5475,68.3375,-164.6241,4.0000,-22.8838,-23.4969,-51.4156,3.0000,9.8994,-15.2209,176.4986,5.0000,28.6103,-21.0204,-90.2068,7.0000,-4.2632,-50.4323,-32.0649,8.0000,-21.8218,-14.8624,-65.6003,10.0000,-15.3183,-21.1719,179.4085,9.0000,-2.2479,8.6052,139.4601,11.0000,10.8304,0.2622,71.8594
1.0000,-18.5316,48.8374,38.8886,2.0000,-28.3679,68.3481,-164.4058,4.0000,-22.8838,-23.4969,-51.4156,3.0000,9.9691,-15.2317,176.2664,5.0000,28.6103,-21.0204,-90.2068,7.0000,-7.2335,-51.8495,-28.8137,8.0000,-21.8218,-14.8624,-65.6003,10.0000,-15.3183,-21.1719,179.4085,9.0000,-2.2479,8.6052,139.4601,11.0000,10.8304,0.2622,71.8594
1.0000,-18.5316,48.8374,38.8886,2.0000,-28.3679,68.3481,-164.4058,4.0000,-22.8876,-23.4674,-51.4471,3.0000,9.9691,-15.2317,176.2664,5.0000,28.6103,-21.0204,-90.2068,7.0000,-7.2335,-51.8495,-28.8137,8.0000,-21.4338,-14.2072,-60.6938,10.0000,-15.3183,-21.1719,179.4085,9.0000,-2.2479,8.6052,139.4601,11.0000,10.8304,0.2622,71.8594
1.0000,-18.5316,48.8374,38.8886,2.0000,-28.3679,68.3481,-164.4058,4.0000,-22.8876,-23.4674,-51.4471,3.0000,9.9691,-15.2317,176.2664,5.0000,28.5572,-21.0125,-90.2073,7.0000,-7.2335,-51.8495,-28.8137,8.0000,-21.4338,-14.2072,-60.6938,10.0000,-15.3183,-21.1719,179.4085,9.0000,-1.3551,7.9179,139.6367,11.0000,10.8304,0.2622,71.8594
1.0000,-18.4538,48.7697,39.1822,2.0000,-28.3679,68.3481,-164.4058,4.0000,-22.8876,-23.4674,-51.4471,3.0000,9.9691,-15.2317,176.2664,5.0000,28.5572,-21.0125,-90.2073,7.0000,-7.2335,-51.8495,-28.8137,8.0000,-21.4338,-14.2072,-60.6938,10.0000,-14.0356,-23.5822,-174.9260,9.0000,-1.3551,7.9179,139.6367,11.0000,10.8304,0.2622,71.8594
1.0000,-18.4538,48.7697,39.1822,2.0000,-28.2518,68.2659,-164.2326,4.0000,-22.8876,-23.4674,-51.4471,3.0000,9.9691,-15.2317,176.2664,5.0000,28.5572,-21.0125,-90.2073,7.0000,-7.2335,-51.8495,-28.8137,8.0000,-21.4338,-14.2072,-60.6938,10.0000,-14.0356,-23.5822,-174.9260,9.0000,-1.3551,7.9179,139.6367,11.0000,10.9964,-0.4430,71.8188
1.0000,-18.4538,48.7697,39.1822,2.0000,-28.2518,68.2659,-164.2326,4.0000,-22.8876,-23.4674,-51.4471,3.0000,10.0223,-15.2017,175.9765,5.0000,28.5572,-21.0125,-90.2073,7.0000,-11.8706,-54.2923,-21.7878,8.0000,-21.4338,-14.2072,-60.6938,10.0000,-14.0356,-23.5822,-174.9260,9.0000,-1.3551,7.9179,139.6367,11.0000,10.9964,-0.4430,71.8188
1.0000,-18.4538,48.7697,39.1822,2.0000,-28.2518,68.2659,-164.2326,4.0000,-22.8981,-23.3860,-51.5793,3.0000,10.0223,-15.2017,175.9765,5.0000,28.5572,-21.0125,-90.2073,7.0000,-11.8706,-54.2923,-21.7878,8.0000,-21.9535,-9.5665,-49.1461,10.0000,-14.0356,-23.5822,-174.9260,9.0000,-1.3551,7.9179,139.6367,11.0000,10.9964,-0.4430,71.8188
1.0000,-18.4538,48.7697,39.1822,2.0000,-28.2518,68.2659,-164.2326,4.0000,-22.8981,-23.3860,-51.5793,3.0000,10.0223,-15.2017,175.9765,5.0000,28.5033,-21.0047,-90.2220,7.0000,-11.8706,-54.2923,-21.7878,8.0000,-21.9535,-9.5665,-49.1461,10.0000,-16.6346,-24.4421,-163.2498,9.0000,-0.4529,7.3659,141.0185,11.0000,10.9964,-0.4430,71.8188
1.0000,-18.3963,48.6822,39.4519,2.0000,-28.1454,68.2340,-164.0999,4.0000,-22.8981,-23.3860,-51.5793,3.0000,10.0223,-15.2017,175.9765,5.0000,28.5033,-21.0047,-90.2220,7.0000,-11.8706,-54.2923,-21.7878,8.0000,-21.9535,-9.5665,-49.1461,10.0000,-16.6346,-24.4421,-163.2498,9.0000,-0.4529,7.3659,141.0185,11.0000,11.4147,-0.3054,72.4649
1.0000,-18.3963,48.6822,39.4519,2.0000,-28.1454,68.2340,-164.0999,4.0000,-22.8981,-23.3860,-51.5793,3.0000,10.0748,-15.1937,175.6906,5.0000,28.5033,-21.0047,-90.2220,7.0000,-22.3765,-56.0092,-4.9061,8.0000,-21.9535,-9.5665,-49.1461,10.0000,-16.6346,-24.4421,-163.2498,9.0000,-0.4529,7.3659,141.0185,11.0000,11.4147,-0.3054,72.4649
1.0000,-18.3963,48.6822,39.4519,2.0000,-28.1454,68.2340,-164.0999,4.0000,-22.8495,-23.3728,-51.6747,3.0000,10.0748,-15.1937,175.6906,5.0000,28.5033,-21.0047,-90.2220,7.0000,-22.3765,-56.0092,-4.9061,8.0000,-22.6017,-7.6569,-39.0553,10.0000,-16.6346,-24.4421,-163.2498,9.0000,-0.4529,7.3659,141.0185,11.0000,11.4147,-0.3054,72.4649
1.0000,-18.3963,48.6822,39.4519,2.0000,-28.1454,68.2340,-164.0999,4.0000,-22.8495,-23.3728,-51.6747,3.0000,10.0748,-15.1937,175.6906,5.0000,28.5461,-21.0120,-90.2475,7.0000,-22.3765,-56.0092,-4.9061,8.0000,-22.6017,-7.6569,-39.0553,10.0000,-16.6346,-24.4421,-163.2498,9.0000,1.5534,7.8886,142.7168,11.0000,11.4147,-0.3054,72.4649
1.0000,-18.4025,48.6268,39.7504,2.0000,-28.1454,68.2340,-164.0999,4.0000,-22.8495,-23.3728,-51.6747,3.0000,10.0748,-15.1937,175.6906,5.0000,28.5461,-21.0120,-90.2475,7.0000,-22.3765,-56.0092,-4.9061,8.0000,-22.6017,-7.6569,-39.0553,10.0000,-16.6346,-24.4421,-163.2498,9.0000,1.5534,7.8886,142.7168,11.0000,11.4147,-0.3054,72.4649
1.0000,-18.4025,48.6268,39.7504,2.0000,-28.0708,68.1494,-163.9753,4.0000,-22.8495,-23.3728,-51.6747,3.0000,10.0748,-15.1937,175.6906,5.0000,28.5461,-21.0120,-90.2475,7.0000,-22.3765,-56.0092,-4.9061,8.0000,-22.6017,-7.6569,-39.0553,10.0000,-18.2915,-23.9887,-149.6497,9.0000,1.5534,7.8886,142.7168,11.0000,11.4147,-0.3054,72.4649
1.0000,-18.4025,48.6268,39.7504,2.0000,-28.0708,68.1494,-163.9753,4.0000,-22.8495,-23.3728,-51.6747,3.0000,10.1469,-15.2049,175.4830,5.0000,28.5461,-21.0120,-90.2475,7.0000,-22.3765,-56.0092,-4.9061,8.0000,-22.6017,-7.6569,-39.0553,10.0000,-18.2915,-23.9887,-149.6497,9.0000,1.5534,7.8886,142.7168,11.0000,11.9834,0.6144,72.7929
1.0000,-18.4025,48.6268,39.7504,2.0000,-28.0708,68.1494,-163.9753,4.0000,-22.8947,-23.3529,-51.6295,3.0000,10.1469,-15.2049,175.4830,5.0000,28.5461,-21.0120,-90.2475,7.0000,-28.7678,-56.2616,4.2973,8.0000,-23.7933,-6.4019,-32.1691,10.0000,-18.2915,-23.9887,-149.6497,9.0000,1.5534,7.8886,142.7168,11.0000,11.9834,0.6144,72.7929
1.0000,-18.3835,48.5609,40.0214,2.0000,-28.0708,68.1494,-163.9753,4.0000,-22.8947,-23.3529,-51.6295,3.0000,10.1469,-15.2049,175.4830,5.0000,28.6106,-21.0053,-90.2850,7.0000,-28.7678,-56.2616,4.2973,8.0000,-23.7933,-6.4019,-32.1691,10.0000,-18.2915,-23.9887,-149.6497,9.0000,2.2536,7.3306,144.2071,11.0000,11.9834,0.6144,72.7929
1.0000,-18.3835,48.5609,40.0214,2.0000,-28.0801,68.1422,-163.9937,4.0000,-22.8947,-23.3529,-51.6295,3.0000,10.1469,-15.2049,175.4830,5.0000,28.6106,-21.0053,-90.2850,7.0000,-28.7678,-56.2616,4.2973,8.0000,-23.7933,-6.4019,-32.1691,10.0000,-19.6698,-20.2679,-142.6120,9.0000,2.2536,7.3306,144.2071,11.0000,11.9834,0.6144,72.7929
1.0000,-18.3835,48.5609,40.0214,2.0000,-28.0801,68.1422,-163.9937,4.0000,-22.8947,-23.3529,-51.6295,3.0000,10.2300,-15.2299,175.2938,5.0000,28.6106,-21.0053,-90.2850,7.0000,-28.7678,-56.2616,4.2973,8.0000,-23.7933,-6.4019,-32.1691,10.0000,-19.6698,-20.2679,-142.6120,9.0000,2.2536,7.3306,144.2071,11.0000,12.1144,2.6286,74.4987
1.0000,-18.3835,48.5609,40.0214,2.0000,-28.0801,68.1422,-163.9937,4.0000,-22.9022,-23.3291,-51.5828,3.0000,10.2300,-15.2299,175.2938,5.0000,28.6106,-21.0053,-90.2850,7.0000,-28.7678,-56.2616,4.2973,8.0000,-23.9843,-4.6018,-19.7426,10.0000,-19.6698,-20.2679,-142.6120,9.0000,2.2536,7.3306,144.2071,11.0000,12.1144,2.6286,74.4987
1.0000,-18.3835,48.5609,40.0214,2.0000,-28.0801,68.1422,-163.9937,4.0000,-22.9022,-23.3291,-51.5828,3.0000,10.2300,-15.2299,175.2938,5.0000,28.6610,-21.0090,-90.2905,7.0000,-28.7678,-56.2616,4.2973,8.0000,-23.9843,-4.6018,-19.7426,10.0000,-19.6698,-20.2679,-142.6120,9.0000,1.6798,7.3225,150.5019,11.0000,12.1144,2.6286,74.4987
1.0000,-18.3565,48.4902,40.3472,2.0000,-28.0801,68.1422,-163.9937,4.0000,-22.9022,-23.3291,-51.5828,3.0000,10.2300,-15.2299,175.2938,5.0000,28.6610,-21.0090,-90.2905,7.0000,-28.7678,-56.2616,4.2973,8.0000,-23.9843,-4.6018,-19.7426,10.0000,-21.7327,-15.4254,-135.8681,9.0000,1.6798,7.3225,150.5019,11.0000,12.1144,2.6286,74.4987
1.0000,-18.3565,48.4902,40.3472,2.0000,-27.9747,68.1053,-163.8583,4.0000,-22.9022,-23.3291,-51.5828,3.0000,10.2300,-15.2299,175.2938,5.0000,28.6610,-21.0090,-90.2905,7.0000,-28.7678,-56.2616,4.2973,8.0000,-23.9843,-4.6018,-19.7426,10.0000,-21.7327,-15.4254,-135.8681,9.0000,1.6798,7.3225,150.5019,11.0000,12.2612,3.2206,80.5218
1.0000,-18.3565,48.4902,40.3472,2.0000,-27.9747,68.1053,-163.8583,4.0000,-22.9022,-23.3291,-51.5828,3.0000,10.2897,-15.1908,175.0636,5.0000,28.6610,-21.0090,-90.2905,7.0000,-26.1697,-60.4125,13.4407,8.0000,-23.3900,-1.7175,-6.4550,10.0000,-21.7327,-15.4254,-135.8681,9.0000,1.6798,7.3225,150.5019,11.0000,12.2612,3.2206,80.5218
1.0000,-18.3565,48.4902,40.3472,2.0000,-27.9747,68.1053,-163.8583,4.0000,-22.8155,-23.3345,-51.6749,3.0000,10.2897,-15.1908,175.0636,5.0000,28.7948,-21.0456,-90.2521,7.0000,-26.1697,-60.4125,13.4407,8.0000,-23.3900,-1.7175,-6.4550,10.0000,-21.7327,-15.4254,-135.8681,9.0000,0.2226,7.7765,159.3028,11.0000,12.2612,3.2206,80.5218
1.0000,-18.2673,48.4167,40.6490,2.0000,-27.9747,68.1053,-163.8583,4.0000,-22.8155,-23.3345,-51.6749,3.0000,10.2897,-15.1908,175.0636,5.0000,28.7948,-21.0456,-90.2521,7.0000,-26.1697,-60.4125,13.4407,8.0000,-23.3900,-1.7175,-6.4550,10.0000,-23.9171,-8.5880,-128.1867,9.0000,0.2226,7.7765,159.3028,11.0000,12.2612,3.2206,80.5218
1.0000,-18.2673,48.4167,40.6490,2.0000,-27.8684,68.0788,-163.7005,4.0000,-22.8155,-23.3345,-51.6749,3.0000,10.2897,-15.1908,175.0636,5.0000,28.7948,-21.0456,-90.2521,7.0000,-26.1697,-60.4125,13.4407,8.0000,-23.3900,-1.7175,-6.4550,10.0000,-23.9171,-8.5880,-128.1867,9.0000,0.2226,7.7765,159.3028,11.0000,11.7955,1.2083,91.5688
1.0000,-18.2673,48.4167,40.6490,2.0000,-27.8684,68.0788,-163.7005,4.0000,-22.8155,-23.3345,-51.6749,3.0000,10.3490,-15.1921,174.8372,5.0000,28.7948,-21.0456,-90.2521,7.0000,-22.4167,-64.9619,15.5405,8.0000,-23.3900,-1.7175,-6.4550,10.0000,-23.9171,-8.5880,-128.1867,9.0000,0.2226,7.7765,159.3028,11.0000,11.7955,1.2083,91.5688
1.0000,-18.2673,48.4167,40.6490,2.0000,-27.8684,68.0788,-163.7005,4.0000,-22.7612,-23.3215,-51.6957,3.0000,10.3490,-15.1921,174.8372,5.0000,28.7948,-21.0456,-90.2521,7.0000,-22.4167,-64.9619,15.5405,8.0000,-21.8558,-0.2531,3.6043,10.0000,-23.9171,-8.5880,-128.1867,9.0000,0.2226,7.7765,159.3028,11.0000,11.7955,1.2083,91.5688
1.0000,-18.2673,48.4167,40.6490,2.0000,-27.8684,68.0788,-163.7005,4.0000,-22.7612,-23.3215,-51.6957,3.0000,10.3490,-15.1921,174.8372,5.0000,28.9043,-21.0588,-90.2039,7.0000,-22.4167,-64.9619,15.5405,8.0000,-21.8558,-0.2531,3.6043,10.0000,-23.9171,-8.5880,-128.1867,9.0000,-1.9569,7.5367,167.7466,11.0000,11.7955,1.2083,91.5688
1.0000,-18.0939,48.3435,40.9509,2.0000,-27.8684,68.0788,-163.7005,4.0000,-22.7612,-23.3215,-51.6957,3.0000,10.3490,-15.1921,174.8372,5.0000,28.9043,-21.0588,-90.2039,7.0000,-22.4167,-64.9619,15.5405,8.0000,-21.8558,-0.2531,3.6043,10.0000,-23.4433,-5.2324,-123.7984,9.0000,-1.9569,7.5367,167.7466,11.0000,11.7955,1.2083,91.5688
1.0000,-18.0939,48.3435,40.9509,2.0000,-27.7700,68.0063,-163.5489,4.0000,-22.7612,-23.3215,-51.6957,3.0000,10.3490,-15.1921,174.8372,5.0000,28.9043,-21.0588,-90.2039,7.0000,-22.8565,-67.9194,18.5121,8.0000,-21.8558,-0.2531,3.6043,10.0000,-23.4433,-5.2324,-123.7984,9.0000,-1.9569,7.5367,167.7466,11.0000,10.9015,0.7033,101.9284
1.0000,-18.0939,48.3435,40.9509,2.0000,-27.7700,68.0063,-163.5489,4.0000,-22.7612,-23.3215,-51.6957,3.0000,10.4670,-15.1575,174.7231,5.0000,28.9043,-21.0588,-90.2039,7.0000,-22.8565,-67.9194,18.5121,8.0000,-19.1525,0.0103,11.8127,10.0000,-23.4433,-5.2324,-123.7984,9.0000,-1.9569,7.5367,167.7466,11.0000,10.9015,0.7033,101.9284
1.0000,-18.0939,48.3435,40.9509,2.0000,-27.7700,68.0063,-163.5489,4.0000,-22.7735,-23.3322,-51.6844,3.0000,10.4670,-15.1575,174.7231,5.0000,28.8506,-21.0364,-90.1945,7.0000,-22.8565,-67.9194,18.5121,8.0000,-19.1525,0.0103,11.8127,10.0000,-23.4433,-5.2324,-123.7984,9.0000,-4.0147,7.6830,173.5727,11.0000,10.9015,0.7033,101.9284
1.0000,-17.9887,48.3132,41.1887,2.0000,-27.7700,68.0063,-163.5489,4.0000,-22.7735,-23.3322,-51.6844,3.0000,10.4670,-15.1575,174.7231,5.0000,28.8506,-21.0364,-90.1945,7.0000,-22.8565,-67.9194,18.5121,8.0000,-19.1525,0.0103,11.8127,10.0000,-22.4880,-2.6241,-115.8626,9.0000,-4.0147,7.6830,173.5727,11.0000,10.9015,0.7033,101.9284
1.0000,-17.9887,48.3132,41.1887,2.0000,-27.7516,67.9262,-163.4970,4.0000,-22.7735,-23.3322,-51.6844,3.0000,10.4670,-15.1575,174.7231,5.0000,28.8506,-21.0364,-90.1945,7.0000,-22.8565,-67.9194,18.5121,8.0000,-19.1525,0.0103,11.8127,10.0000,-22.4880,-2.6241,-115.8626,9.0000,-4.0147,7.6830,173.5727,11.0000,9.5062,0.6979,112.7497
1.0000,-17.9887,48.3132,41.1887,2.0000,-27.7516,67.9262,-163.4970,4.0000,-22.7735,-23.3322,-51.6844,3.0000,10.5527,-15.1403,174.5504,5.0000,28.8506,-21.0364,-90.1945,7.0000,-20.3950,-65.8112,12.0903,8.0000,-19.1525,0.0103,11.8127,10.0000,-22.4880,-2.6241,-115.8626,9.0000,-4.0147,7.6830,173.5727,11.0000,9.5062,0.6979,112.7497
1.0000,-17.9887,48.3132,41.1887,2.0000,-27.7516,67.9262,-163.4970,4.0000,-22.7357,-23.2517,-51.7682,3.0000,10.5527,-15.1403,174.5504,5.0000,28.8506,-21.0364,-90.1945,7.0000,-20.3950,-65.8112,12.0903,8.0000,-16.2374,2.0246,16.6419,10.0000,-22.4880,-2.6241,-115.8626,9.0000,-4.0147,7.6830,173.5727,11.0000,9.5062,0.6979,112.7497
1.0000,-17.9887,48.3132,41.1887,2.0000,-27.7516,67.9262,-163.4970,4.0000,-22.7357,-23.2517,-51.7682,3.0000,10.5527,-15.1403,174.5504,5.0000,28.9137,-21.0365,-90.1420,7.0000,-20.3950,-65.8112,12.0903,8.0000,-16.2374,2.0246,16.6419,10.0000,-22.4880,-2.6241,-115.8626,9.0000,-8.4684,7.0069,175.1424,11.0000,9.5062,0.6979,112.7497
1.0000,-17.8427,48.2468,41.4881,2.0000,-27.7516,67.9262,-163.4970,4.0000,-22.7357,-23.2517,-51.7682,3.0000,10.5527,-15.1403,174.5504,5.0000,28.9137,-21.0365,-90.1420,7.0000,-20.3950,-65.8112,12.0903,8.0000,-16.2374,2.0246,16.6419,10.0000,-21.1183,-0.7394,-111.9047,9.0000,-8.4684,7.0069,175.1424,11.0000,7.0208,0.9331,119.8289
1.0000,-17.8427,48.2468,41.4881,2.0000,-27.6424,67.8260,-163.3374,4.0000,-22.7357,-23.2517,-51.7682,3.0000,10.5527,-15.1403,174.5504,5.0000,28.9137,-21.0365,-90.1420,7.0000,-20.3950,-65.8112,12.0903,8.0000,-16.2374,2.0246,16.6419,10.0000,-21.1183,-0.7394,-111.9047,9.0000,-8.4684,7.0069,175.1424,11.0000,7.0208,0.9331,119.8289
1.0000,-17.8427,48.2468,41.4881,2.0000,-27.6424,67.8260,-163.3374,4.0000,-22.7409,-23.2178,-51.8385,3.0000,10.6189,-15.0854,174.3062,5.0000,28.9137,-21.0365,-90.1420,7.0000,-18.4545,-61.9774,4.3146,8.0000,-16.2374,2.0246,16.6419,10.0000,-21.1183,-0.7394,-111.9047,9.0000,-8.4684,7.0069,175.1424,11.0000,7.0208,0.9331,119.8289
1.0000,-17.8427,48.2468,41.4881,2.0000,-27.6424,67.8260,-163.3374,4.0000,-22.7409,-23.2178,-51.8385,3.0000,10.6189,-15.0854,174.3062,5.0000,28.9337,-21.0341,-90.1176,7.0000,-18.4545,-61.9774,4.3146,8.0000,-16.2374,2.0246,16.6419,10.0000,-21.1183,-0.7394,-111.9047,9.0000,-8.4684,7.0069,175.1424,11.0000,7.0208,0.9331,119.8289
1.0000,-17.7568,48.1872,41.7220,2.0000,-27.6424,67.8260,-163.3374,4.0000,-22.7409,-23.2178,-51.8385,3.0000,10.6189,-15.0854,174.3062,5.0000,28.9337,-21.0341,-90.1176,7.0000,-18.4545,-61.9774,4.3146,8.0000,-12.8135,2.7225,18.8078,10.0000,-21.1183,-0.7394,-111.9047,9.0000,-8.4684,7.0069,175.1424,11.0000,7.0208,0.9331,119.8289
1.0000,-17.7568,48.1872,41.7220,2.0000,-27.5461,67.7924,-163.1763,4.0000,-22.7409,-23.2178,-51.8385,3.0000,10.6189,-15.0854,174.3062,5.0000,28.9337,-21.0341,-90.1176,7.0000,-18.4545,-61.9774,4.3146,8.0000,-12.8135,2.7225,18.8078,10.0000,-21.1183,-0.7394,-111.9047,9.0000,-12.0533,6.6642,175.3075,11.0000,7.0208,0.9331,119.8289
1.0000,-17.7568,48.1872,41.7220,2.0000,-27.5461,67.7924,-163.1763,4.0000,-22.7409,-23.2178,-51.8385,3.0000,10.7103,-15.1081,174.1743,5.0000,28.9337,-21.0341,-90.1176,7.0000,-18.4545,-61.9774,4.3146,8.0000,-12.8135,2.7225,18.8078,10.0000,-20.5351,-3.7234,-115.4441,9.0000,-12.0533,6.6642,175.3075,11.0000,7.0208,0.9331,119.8289
1.0000,-17.7568,48.1872,41.7220,2.0000,-27.5461,67.7924,-163.1763,4.0000,-22.7646,-23.1790,-51.7661,3.0000,10.7103,-15.1081,174.1743,5.0000,28.9337,-21.0341,-90.1176,7.0000,-18.4545,-61.9774,4.3146,8.0000,-12.8135,2.7225,18.8078,10.0000,-20.5351,-3.7234,-115.4441,9.0000,-12.0533,6.6642,175.3075,11.0000,3.5110,-2.4877,128.1336
1.0000,-17.7568,48.1872,41.7220,2.0000,-27.5461,67.7924,-163.1763,4.0000,-22.7646,-23.1790,-51.7661,3.0000,10.7103,-15.1081,174.1743,5.0000,29.0120,-21.0696,-90.0721,7.0000,-18.4848,-60.3820,-4.2455,8.0000,-10.0956,3.6248,13.3494,10.0000,-20.5351,-3.7234,-115.4441,9.0000,-12.0533,6.6642,175.3075,11.0000,3.5110,-2.4877,128.1336
1.0000,-17.6460,48.1022,41.9586,2.0000,-27.5461,67.7924,-163.1763,4.0000,-22.7646,-23.1790,-51.7661,3.0000,10.7103,-15.1081,174.1743,5.0000,29.0120,-21.0696,-90.0721,7.0000,-18.4848,-60.3820,-4.2455,8.0000,-10.0956,3.6248,13.3494,10.0000,-20.5351,-3.7234,-115.4441,9.0000,-12.0533,6.6642,175.3075,11.0000,1.8668,-2.3568,132.9485
1.0000,-17.6460,48.1022,41.9586,2.0000,-27.4359,67.7510,-163.0543,4.0000,-22.7646,-23.1790,-51.7661,3.0000,10.8059,-15.0605,174.0222,5.0000,29.0120,-21.0696,-90.0721,7.0000,-18.4848,-60.3820,-4.2455,8.0000,-10.0956,3.6248,13.3494,10.0000,-20.5351,-3.7234,-115.4441,9.0000,-12.0533,6.6642,175.3075,11.0000,1.8668,-2.3568,132.9485
1.0000,-17.6460,48.1022,41.9586,2.0000,-27.4359,67.7510,-163.0543,4.0000,-22.8188,-23.1331,-51.7957,3.0000,10.8059,-15.0605,174.0222,5.0000,29.0120,-21.0696,-90.0721,7.0000,-22.0854,-57.8303,-10.1693,8.0000,-10.0956,3.6248,13.3494,10.0000,-20.5351,-3.7234,-115.4441,9.0000,-12.0533,6.6642,175.3075,11.0000,1.8668,-2.3568,132.9485
1.0000,-17.6460,48.1022,41.9586,2.0000,-27.4359,67.7510,-163.0543,4.0000,-22.8188,-23.1331,-51.7957,3.0000,10.8059,-15.0605,174.0222,5.0000,28.9978,-21.1153,-89.9861,7.0000,-22.0854,-57.8303,-10.1693,8.0000,-10.9803,5.5200,0.1903,10.0000,-20.5351,-3.7234,-115.4441,9.0000,-12.0533,6.6642,175.3075,11.0000,1.8668,-2.3568,132.9485
1.0000,-17.4942,48.0228,42.1717,2.0000,-27.4359,67.7510,-163.0543,4.0000,-22.8188,-23.1331,-51.7957,3.0000,10.8059,-15.0605,174.0222,5.0000,28.9978,-21.1153,-89.9861,7.0000,-22.0854,-57.8303,-10.1693,8.0000,-10.9803,5.5200,0.1903,10.0000,-20.5351,-3.7234,-115.4441,9.0000,-8.9590,5.7667,156.3180,11.0000,1.8668,-2.3568,132.9485
1.0000,-17.4942,48.0228,42.1717,2.0000,-27.5725,67.7392,-163.1858,4.0000,-22.8188,-23.1331,-51.7957,3.0000,10.8059,-15.0605,174.0222,5.0000,28.9978,-21.1153,-89.9861,7.0000,-22.0854,-57.8303,-10.1693,8.0000,-10.9803,5.5200,0.1903,10.0000,-16.0199,-10.7990,-137.6002,9.0000,-8.9590,5.7667,156.3180,11.0000,1.8668,-2.3568,132.9485
1.0000,-17.4942,48.0228,42.1717,2.0000,-27.5725,67.7392,-163.1858,4.0000,-22.8188,-23.1331,-51.7957,3.0000,10.8473,-15.0330,173.8266,5.0000,28.9978,-21.1153,-89.9861,7.0000,-22.0854,-57.8303,-10.1693,8.0000,-10.9803,5.5200,0.1903,10.0000,-16.0199,-10.7990,-137.6002,9.0000,-8.9590,5.7667,156.3180,11.0000,1.8438,-3.7132,130.4335
1.0000,-17.4942,48.0228,42.1717,2.0000,-27.5725,67.7392,-163.1858,4.0000,-22.7084,-23.1801,-51.8239,3.0000,10.8473,-15.0330,173.8266,5.0000,28.9978,-21.1153,-89.9861,7.0000,-27.1171,-55.0347,-11.0937,8.0000,-10.9803,5.5200,0.1903,10.0000,-16.0199,-10.7990,-137.6002,9.0000,-8.9590,5.7667,156.3180,11.0000,1.8438,-3.7132,130.4335
1.0000,-17.4942,48.0228,42.1717,2.0000,-27.5725,67.7392,-163.1858,4.0000,-22.7084,-23.1801,-51.8239,3.0000,10.8473,-15.0330,173.8266,5.0000,29.0960,-21.1251,-89.9480,7.0000,-27.1171,-55.0347,-11.0937,8.0000,-13.4624,3.4974,-15.6649,10.0000,-10.4827,-15.4853,-155.4214,9.0000,-8.9590,5.7667,156.3180,11.0000,1.8438,-3.7132,130.4335
1.0000,-17.4015,47.9548,42.3801,2.0000,-27.5114,67.6528,-163.0918,4.0000,-22.7084,-23.1801,-51.8239,3.0000,10.8473,-15.0330,173.8266,5.0000,29.0960,-21.1251,-89.9480,7.0000,-27.1171,-55.0347,-11.0937,8.0000,-13.4624,3.4974,-15.6649,10.0000,-10.4827,-15.4853,-155.4214,9.0000,-8.9590,5.7667,156.3180,11.0000,5.5036,-4.4784,117.5870
1.0000,-17.4015,47.9548,42.3801,2.0000,-27.5114,67.6528,-163.0918,4.0000,-22.7084,-23.1801,-51.8239,3.0000,10.8908,-15.0011,173.6190,5.0000,29.0960,-21.1251,-89.9480,7.0000,-31.6024,-54.1700,-8.5500,8.0000,-13.4624,3.4974,-15.6649,10.0000,-10.4827,-15.4853,-155.4214,9.0000,-8.9590,5.7667,156.3180,11.0000,5.5036,-4.4784,117.5870
1.0000,-17.4015,47.9548,42.3801,2.0000,-27.5114,67.6528,-163.0918,4.0000,-22.6529,-23.2555,-51.8183,3.0000,10.8908,-15.0011,173.6190,5.0000,29.0960,-21.1251,-89.9480,7.0000,-31.6024,-54.1700,-8.5500,8.0000,-15.3985,-4.4562,-35.2773,10.0000,-10.4827,-15.4853,-155.4214,9.0000,-8.9590,5.7667,156.3180,11.0000,5.5036,-4.4784,117.5870
1.0000,-17.4015,47.9548,42.3801,2.0000,-27.5114,67.6528,-163.0918,4.0000,-22.6529,-23.2555,-51.8183,3.0000,10.8908,-15.0011,173.6190,5.0000,29.1779,-21.1384,-89.9570,7.0000,-31.6024,-54.1700,-8.5500,8.0000,-15.3985,-4.4562,-35.2773,10.0000,-10.4827,-15.4853,-155.4214,9.0000,2.7393,10.7145,140.8308,11.0000,5.5036,-4.4784,117.5870
1.0000,-17.3568,47.9284,42.6132,2.0000,-27.5114,67.6528,-163.0918,4.0000,-22.6529,-23.2555,-51.8183,3.0000,10.8908,-15.0011,173.6190,5.0000,29.1779,-21.1384,-89.9570,7.0000,-31.6024,-54.1700,-8.5500,8.0000,-15.3985,-4.4562,-35.2773,10.0000,-3.8345,-19.4189,177.6836,9.0000,2.7393,10.7145,140.8308,11.0000,5.5036,-4.4784,117.5870
1.0000,-17.3568,47.9284,42.6132,2.0000,-27.5204,67.6287,-163.1340,4.0000,-22.6529,-23.2555,-51.8183,3.0000,10.8908,-15.0011,173.6190,5.0000,29.1779,-21.1384,-89.9570,7.0000,-31.6024,-54.1700,-8.5500,8.0000,-15.3985,-4.4562,-35.2773,10.0000,-3.8345,-19.4189,177.6836,9.0000,2.7393,10.7145,140.8308,11.0000,12.4363,-3.7889,95.1689
1.0000,-17.3568,47.9284,42.6132,2.0000,-27.5204,67.6287,-163.1340,4.0000,-22.6529,-23.2555,-51.8183,3.0000,10.9866,-15.0328,173.5041,5.0000,29.1779,-21.1384,-89.9570,7.0000,-35.2975,-54.1232,-4.8986,8.0000,-15.3985,-4.4562,-35.2773,10.0000,-3.8345,-19.4189,177.6836,9.0000,2.7393,10.7145,140.8308,11.0000,12.4363,-3.7889,95.1689
1.0000,-17.3568,47.9284,42.6132,2.0000,-27.5204,67.6287,-163.1340,4.0000,-22.5807,-23.2304,-51.9769,3.0000,10.9866,-15.0328,173.5041,5.0000,29.1779,-21.1384,-89.9570,7.0000,-35.2975,-54.1232,-4.8986,8.0000,-15.3104,-13.7798,-49.7770,10.0000,-3.8345,-19.4189,177.6836,9.0000,7.0614,13.7455,134.7838,11.0000,12.4363,-3.7889,95.1689
1.0000,-17.2645,47.8649,42.8696,2.0000,-27.5204,67.6287,-163.1340,4.0000,-22.5807,-23.2304,-51.9769,3.0000,10.9866,-15.0328,173.5041,5.0000,29.1703,-21.1481,-89.9015,7.0000,-35.2975,-54.1232,-4.8986,8.0000,-15.3104,-13.7798,-49.7770,10.0000,-5.2090,-19.9100,159.9007,9.0000,7.0614,13.7455,134.7838,11.0000,12.4363,-3.7889,95.1689
1.0000,-17.2645,47.8649,42.8696,2.0000,-27.5585,67.6479,-163.2091,4.0000,-22.5807,-23.2304,-51.9769,3.0000,10.9866,-15.0328,173.5041,5.0000,29.1703,-21.1481,-89.9015,7.0000,-35.2975,-54.1232,-4.8986,8.0000,-15.3104,-13.7798,-49.7770,10.0000,-5.2090,-19.9100,159.9007,9.0000,7.0614,13.7455,134.7838,11.0000,17.4198,-0.7002,73.4881
1.0000,-17.2645,47.8649,42.8696,2.0000,-27.5585,67.6479,-163.2091,4.0000,-22.5807,-23.2304,-51.9769,3.0000,11.0803,-15.0154,173.3665,5.0000,29.1703,-21.1481,-89.9015,7.0000,-35.3980,-55.8637,-2.2677,8.0000,-15.3104,-13.7798,-49.7770,10.0000,-5.2090,-19.9100,159.9007,9.0000,7.0614,13.7455,134.7838,11.0000,17.4198,-0.7002,73.4881
1.0000,-17.2645,47.8649,42.8696,2.0000,-27.5585,67.6479,-163.2091,4.0000,-22.5068,-23.2493,-52.0324,3.0000,11.0803,-15.0154,173.3665,5.0000,29.1703,-21.1481,-89.9015,7.0000,-35.3980,-55.8637,-2.2677,8.0000,-12.1644,-18.1604,-56.7670,10.0000,-5.2090,-19.9100,159.9007,9.0000,7.0614,13.7455,134.7838,11.0000,17.4198,-0.7002,73.4881
1.0000,-17.2645,47.8649,42.8696,2.0000,-27.5585,67.6479,-163.2091,4.0000,-22.5068,-23.2493,-52.0324,3.0000,11.0803,-15.0154,173.3665,5.0000,29.2176,-21.1459,-89.8444,7.0000,-35.3980,-55.8637,-2.2677,8.0000,-12.1644,-18.1604,-56.7670,10.0000,-5.2090,-19.9100,159.9007,9.0000,10.9648,14.7533,133.4858,11.0000,17.4198,-0.7002,73.4881
1.0000,-17.2320,47.7970,43.0835,2.0000,-27.5585,67.6479,-163.2091,4.0000,-22.5068,-23.2493,-52.0324,3.0000,11.0803,-15.0154,173.3665,5.0000,29.2176,-21.1459,-89.8444,7.0000,-35.3980,-55.8637,-2.2677,8.0000,-12.1644,-18.1604,-56.7670,10.0000,-10.6283,-23.4576,158.7796,9.0000,10.9648,14.7533,133.4858,11.0000,17.4198,-0.7002,73.4881
1.0000,-17.2320,47.7970,43.0835,2.0000,-27.5782,67.6513,-163.2731,4.0000,-22.5068,-23.2493,-52.0324,3.0000,11.0803,-15.0154,173.3665,5.0000,29.2176,-21.1459,-89.8444,7.0000,-35.3980,-55.8637,-2.2677,8.0000,-12.1644,-18.1604,-56.7670,10.0000,-10.6283,-23.4576,158.7796,9.0000,10.9648,14.7533,133.4858,11.0000,18.8188,3.9018,62.6844
1.0000,-17.2320,47.7970,43.0835,2.0000,-27.5782,67.6513,-163.2731,4.0000,-22.5068,-23.2493,-52.0324,3.0000,11.1530,-15.0376,173.2128,5.0000,29.2176,-21.1459,-89.8444,7.0000,-32.3970,-58.6512,-0.5515,8.0000,-14.2520,-18.2893,-45.9998,10.0000,-10.6283,-23.4576,158.7796,9.0000,10.9648,14.7533,133.4858,11.0000,18.8188,3.9018,62.6844
1.0000,-17.2320,47.7970,43.0835,2.0000,-27.5782,67.6513,-163.2731,4.0000,-22.4510,-23.2529,-52.1326,3.0000,11.1530,-15.0376,173.2128,5.0000,29.2312,-21.1394,-89.8490,7.0000,-32.3970,-58.6512,-0.5515,8.0000,-14.2520,-18.2893,-45.9998,10.0000,-10.6283,-23.4576,158.7796,9.0000,13.4239,15.2174,132.0130,11.0000,18.8188,3.9018,62.6844
1.0000,-17.0724,47.7195,43.3383,2.0000,-27.5782,67.6513,-163.2731,4.0000,-22.4510,-23.2529,-52.1326,3.0000,11.1530,-15.0376,173.2128,5.0000,29.2312,-21.1394,-89.8490,7.0000,-32.3970,-58.6512,-0.5515,8.0000,-14.2520,-18.2893,-45.9998,10.0000,-16.6491,-25.9505,168.3307,9.0000,13.4239,15.2174,132.0130,11.0000,18.8188,3.9018,62.6844
1.0000,-17.0724,47.7195,43.3383,2.0000,-27.5782,67.6513,-163.2731,4.0000,-22.4510,-23.2529,-52.1326,3.0000,11.1530,-15.0376,173.2128,5.0000,29.2312,-21.1394,-89.8490,7.0000,-32.3970,-58.6512,-0.5515,8.0000,-14.2520,-18.2893,-45.9998,10.0000,-16.6491,-25.9505,168.3307,9.0000,13.4239,15.2174,132.0130,11.0000,18.9820,7.2919,59.1933
1.0000,-17.0724,47.7195,43.3383,2.0000,-27.7071,67.7708,-163.5496,4.0000,-22.4510,-23.2529,-52.1326,3.0000,11.2310,-15.0743,173.0635,5.0000,29.2312,-21.1394,-89.8490,7.0000,-28.4110,-61.0589,1.7511,8.0000,-14.2520,-18.2893,-45.9998,10.0000,-16.6491,-25.9505,168.3307,9.0000,13.4239,15.2174,132.0130,11.0000,18.9820,7.2919,59.1933
1.0000,-17.0724,47.7195,43.3383,2.0000,-27.7071,67.7708,-163.5496,4.0000,-22.4522,-23.2298,-52.1705,3.0000,11.2310,-15.0743,173.0635,5.0000,29.2312,-21.1394,-89.8490,7.0000,-28.4110,-61.0589,1.7511,8.0000,-18.4546,-15.2596,-28.0071,10.0000,-16.6491,-25.9505,168.3307,9.0000,13.4239,15.2174,132.0130,11.0000,18.9820,7.2919,59.1933
1.0000,-17.0724,47.7195,43.3383,2.0000,-27.7071,67.7708,-163.5496,4.0000,-22.4522,-23.2298,-52.1705,3.0000,11.2310,-15.0743,173.0635,5.0000,29.2407,-21.1490,-89.7536,7.0000,-28.4110,-61.0589,1.7511,8.0000,-18.4546,-15.2596,-28.0071,10.0000,-16.6491,-25.9505,168.3307,9.0000,13.4239,15.2174,132.0130,11.0000,18.9820,7.2919,59.1933
1.0000,-17.0388,47.6521,43.5513,2.0000,-27.7071,67.7708,-163.5496,4.0000,-22.4522,-23.2298,-52.1705,3.0000,11.2310,-15.0743,173.0635,5.0000,29.2407,-21.1490,-89.7536,7.0000,-28.4110,-61.0589,1.7511,8.0000,-18.4546,-15.2596,-28.0071,10.0000,-16.6491,-25.9505,168.3307,9.0000,13.7464,14.3438,133.9471,11.0000,18.9820,7.2919,59.1933
1.0000,-17.0388,47.6521,43.5513,2.0000,-27.6993,67.7170,-163.5422,4.0000,-22.4522,-23.2298,-52.1705,3.0000,11.2310,-15.0743,173.0635,5.0000,29.2407,-21.1490,-89.7536,7.0000,-28.4110,-61.0589,1.7511,8.0000,-18.4546,-15.2596,-28.0071,10.0000,-20.9038,-23.6341,-173.1657,9.0000,13.7464,14.3438,133.9471,11.0000,18.1010,8.7299,61.8883
1.0000,-17.0388,47.6521,43.5513,2.0000,-27.6993,67.7170,-163.5422,4.0000,-22.4444,-23.1381,-52.2505,3.0000,11.2828,-15.0563,172.9173,5.0000,29.2407,-21.1490,-89.7536,7.0000,-28.4110,-61.0589,1.7511,8.0000,-18.4546,-15.2596,-28.0071,10.0000,-20.9038,-23.6341,-173.1657,9.0000,13.7464,14.3438,133.9471,11.0000,18.1010,8.7299,61.8883
1.0000,-17.0388,47.6521,43.5513,2.0000,-27.6993,67.7170,-163.5422,4.0000,-22.4444,-23.1381,-52.2505,3.0000,11.2828,-15.0563,172.9173,5.0000,29.3224,-21.1309,-89.7934,7.0000,-23.3614,-63.5507,2.8349,8.0000,-18.4546,-15.2596,-28.0071,10.0000,-20.9038,-23.6341,-173.1657,9.0000,13.7464,14.3438,133.9471,11.0000,18.1010,8.7299,61.8883
1.0000,-16.9240,47.6137,43.8291,2.0000,-27.6993,67.7170,-163.5422,4.0000,-22.4444,-23.1381,-52.2505,3.0000,11.2828,-15.0563,172.9173,5.0000,29.3224,-21.1309,-89.7934,7.0000,-23.3614,-63.5507,2.8349,8.0000,-20.7811,-9.7726,-9.4098,10.0000,-20.9038,-23.6341,-173.1657,9.0000,13.7464,14.3438,133.9471,11.0000,18.1010,8.7299,61.8883
1.0000,-16.9240,47.6137,43.8291,2.0000,-27.5657,67.7627,-163.3997,4.0000,-22.4444,-23.1381,-52.2505,3.0000,11.2828,-15.0563,172.9173,5.0000,29.3224,-21.1309,-89.7934,7.0000,-23.3614,-63.5507,2.8349,8.0000,-20.7811,-9.7726,-9.4098,10.0000,-20.9038,-23.6341,-173.1657,9.0000,11.9368,12.2739,141.7517,11.0000,18.1010,8.7299,61.8883
1.0000,-16.9240,47.6137,43.8291,2.0000,-27.5657,67.7627,-163.3997,4.0000,-22.4444,-23.1381,-52.2505,3.0000,11.3744,-15.0720,172.8436,5.0000,29.3224,-21.1309,-89.7934,7.0000,-23.3614,-63.5507,2.8349,8.0000,-20.7811,-9.7726,-9.4098,10.0000,-23.4684,-14.8503,-155.0221,9.0000,11.9368,12.2739,141.7517,11.0000,18.1010,8.7299,61.8883
1.0000,-16.9240,47.6137,43.8291,2.0000,-27.5657,67.7627,-163.3997,4.0000,-22.4653,-23.1359,-52.2853,3.0000,11.3744,-15.0720,172.8436,5.0000,29.3224,-21.1309,-89.7934,7.0000,-17.2189,-65.3443,0.4213,8.0000,-20.7811,-9.7726,-9.4098,10.0000,-23.4684,-14.8503,-155.0221,9.0000,11.9368,12.2739,141.7517,11.0000,18.1010,8.7299,61.8883
1.0000,-16.9240,47.6137,43.8291,2.0000,-27.5657,67.7627,-163.3997,4.0000,-22.4653,-23.1359,-52.2853,3.0000,11.3744,-15.0720,172.8436,5.0000,29.3834,-21.1433,-89.7638,7.0000,-17.2189,-65.3443,0.4213,8.0000,-18.8917,-5.3037,5.3457,10.0000,-23.4684,-14.8503,-155.0221,9.0000,11.9368,12.2739,141.7517,11.0000,18.1010,8.7299,61.8883
1.0000,-16.8559,47.5249,43.9863,2.0000,-27.5657,67.7627,-163.3997,4.0000,-22.4653,-23.1359,-52.2853,3.0000,11.3744,-15.0720,172.8436,5.0000,29.3834,-21.1433,-89.7638,7.0000,-17.2189,-65.3443,0.4213,8.0000,-18.8917,-5.3037,5.3457,10.0000,-23.4684,-14.8503,-155.0221,9.0000,8.1137,9.7358,150.1809,11.0000,16.9271,4.8984,96.4668
1.0000,-16.8559,47.5249,43.9863,2.0000,-27.5164,67.7796,-163.3696,4.0000,-22.4653,-23.1359,-52.2853,3.0000,11.3744,-15.0720,172.8436,5.0000,29.3834,-21.1433,-89.7638,7.0000,-13.1567,-65.7354,-2.4301,8.0000,-18.8917,-5.3037,5.3457,10.0000,-23.4684,-14.8503,-155.0221,9.0000,8.1137,9.7358,150.1809,11.0000,16.9271,4.8984,96.4668
1.0000,-16.8559,47.5249,43.9863,2.0000,-27.5164,67.7796,-163.3696,4.0000,-22.4421,-23.1481,-52.2898,3.0000,11.4271,-15.0306,172.7360,5.0000,29.3834,-21.1433,-89.7638,7.0000,-13.1567,-65.7354,-2.4301,8.0000,-16.1562,-2.7302,15.5251,10.0000,-23.4684,-14.8503,-155.0221,9.0000,8.1137,9.7358,150.1809,11.0000,16.9271,4.8984,96.4668
1.0000,-16.8559,47.5249,43.9863,2.0000,-27.5164,67.7796,-163.3696,4.0000,-22.4421,-23.1481,-52.2898,3.0000,11.4271,-15.0306,172.7360,5.0000,29.4113,-21.1223,-89.7667,7.0000,-13.1567,-65.7354,-2.4301,8.0000,-16.1562,-2.7302,15.5251,10.0000,-23.4684,-14.8503,-155.0221,9.0000,2.9726,8.8004,157.5627,11.0000,16.9271,4.8984,96.4668
1.0000,-16.8354,47.4232,44.1325,2.0000,-27.5164,67.7796,-163.3696,4.0000,-22.4421,-23.1481,-52.2898,3.0000,11.4271,-15.0306,172.7360,5.0000,29.4113,-21.1223,-89.7667,7.0000,-13.1567,-65.7354,-2.4301,8.0000,-16.1562,-2.7302,15.5251,10.0000,-21.7449,-8.3382,-132.6494,9.0000,2.9726,8.8004,157.5627,11.0000,16.9271,4.8984,96.4668
1.0000,-16.8354,47.4232,44.1325,2.0000,-27.5082,67.8121,-163.3743,4.0000,-22.4421,-23.1481,-52.2898,3.0000,11.4271,-15.0306,172.7360,5.0000,29.4113,-21.1223,-89.7667,7.0000,-13.1567,-65.7354,-2.4301,8.0000,-16.1562,-2.7302,15.5251,10.0000,-21.7449,-8.3382,-132.6494,9.0000,2.9726,8.8004,157.5627,11.0000,13.9282,-0.3206,111.2226
1.0000,-16.8354,47.4232,44.1325,2.0000,-27.5082,67.8121,-163.3743,4.0000,-22.4421,-23.1481,-52.2898,3.0000,11.5026,-15.0329,172.6349,5.0000,29.4113,-21.1223,-89.7667,7.0000,-14.0603,-64.1082,-3.7384,8.0000,-16.1562,-2.7302,15.5251,10.0000,-21.7449,-8.3382,-132.6494,9.0000,2.9726,8.8004,157.5627,11.0000,13.9282,-0.3206,111.2226
1.0000,-16.8354,47.4232,44.1325,2.0000,-27.5082,67.8121,-163.3743,4.0000,-22.4458,-23.1038,-52.3275,3.0000,11.5026,-15.0329,172.6349,5.0000,29.4113,-21.1223,-89.7667,7.0000,-14.0603,-64.1082,-3.7384,8.0000,-11.3619,-2.5375,21.9082,10.0000,-21.7449,-8.3382,-132.6494,9.0000,2.9726,8.8004,157.5627,11.0000,13.9282,-0.3206,111.2226
1.0000,-16.8354,47.4232,44.1325,2.0000,-27.5082,67.8121,-163.3743,4.0000,-22.4458,-23.1038,-52.3275,3.0000,11.5026,-15.0329,172.6349,5.0000,29.4090,-21.1162,-89.7654,7.0000,-14.0603,-64.1082,-3.7384,8.0000,-11.3619,-2.5375,21.9082,10.0000,-18.8365,-5.4120,-129.8905,9.0000,-1.9316,9.0319,162.2115,11.0000,13.9282,-0.3206,111.2226
1.0000,-16.8038,47.3574,44.2495,2.0000,-27.5082,67.8121,-163.3743,4.0000,-22.4458,-23.1038,-52.3275,3.0000,11.5026,-15.0329,172.6349,5.0000,29.4090,-21.1162,-89.7654,7.0000,-14.0603,-64.1082,-3.7384,8.0000,-11.3619,-2.5375,21.9082,10.0000,-18.8365,-5.4120,-129.8905,9.0000,-1.9316,9.0319,162.2115,11.0000,10.2092,-3.0210,120.1002
1.0000,-16.8038,47.3574,44.2495,2.0000,-27.4585,67.7866,-163.3106,4.0000,-22.4458,-23.1038,-52.3275,3.0000,11.5503,-15.0201,172.5018,5.0000,29.4090,-21.1162,-89.7654,7.0000,-17.2748,-62.0505,-4.0352,8.0000,-11.3619,-2.5375,21.9082,10.0000,-18.8365,-5.4120,-129.8905,9.0000,-1.9316,9.0319,162.2115,11.0000,10.2092,-3.0210,120.1002
1.0000,-16.8038,47.3574,44.2495,2.0000,-27.4585,67.7866,-163.3106,4.0000,-22.4840,-23.0506,-52.3017,3.0000,11.5503,-15.0201,172.5018,5.0000,29.4090,-21.1162,-89.7654,7.0000,-17.2748,-62.0505,-4.0352,8.0000,-7.2704,-1.8271,17.2599,10.0000,-18.8365,-5.4120,-129.8905,9.0000,-1.9316,9.0319,162.2115,11.0000,10.2092,-3.0210,120.1002
1.0000,-16.8038,47.3574,44.2495,2.0000,-27.4585,67.7866,-163.3106,4.0000,-22.4840,-23.0506,-52.3017,3.0000,11.5503,-15.0201,172.5018,5.0000,29.3881,-21.1096,-89.7450,7.0000,-17.2748,-62.0505,-4.0352,8.0000,-7.2704,-1.8271,17.2599,10.0000,-18.8365,-5.4120,-129.8905,9.0000,-4.5424,9.7140,161.8379,11.0000,10.2092,-3.0210,120.1002
1.0000,-16.6602,47.2886,44.4365,2.0000,-27.4585,67.7866,-163.3106,4.0000,-22.4840,-23.0506,-52.3017,3.0000,11.5503,-15.0201,172.5018,5.0000,29.3881,-21.1096,-89.7450,7.0000,-17.2748,-62.0505,-4.0352,8.0000,-7.2704,-1.8271,17.2599,10.0000,-20.0510,-5.7572,-127.6737,9.0000,-4.5424,9.7140,161.8379,11.0000,10.2092,-3.0210,120.1002
1.0000,-16.6602,47.2886,44.4365,2.0000,-27.3840,67.8242,-163.2146,4.0000,-22.4840,-23.0506,-52.3017,3.0000,11.5503,-15.0201,172.5018,5.0000,29.3881,-21.1096,-89.7450,7.0000,-17.2748,-62.0505,-4.0352,8.0000,-7.2704,-1.8271,17.2599,10.0000,-20.0510,-5.7572,-127.6737,9.0000,-4.5424,9.7140,161.8379,11.0000,7.6347,-2.8056,122.0968
1.0000,-16.6602,47.2886,44.4365,2.0000,-27.3840,67.8242,-163.2146,4.0000,-22.4840,-23.0506,-52.3017,3.0000,11.5969,-14.9807,172.3956,5.0000,29.3881,-21.1096,-89.7450,7.0000,-17.2748,-62.0505,-4.0352,8.0000,-7.2704,-1.8271,17.2599,10.0000,-20.0510,-5.7572,-127.6737,9.0000,-4.5424,9.7140,161.8379,11.0000,7.6347,-2.8056,122.0968
1.0000,-16.6602,47.2886,44.4365,2.0000,-27.3840,67.8242,-163.2146,4.0000,-22.4859,-23.0389,-52.3219,3.0000,11.5969,-14.9807,172.3956,5.0000,29.3881,-21.1096,-89.7450,7.0000,-20.7172,-59.6212,-5.4861,8.0000,-7.9241,-0.7344,10.6676,10.0000,-20.0510,-5.7572,-127.6737,9.0000,-4.5424,9.7140,161.8379,11.0000,7.6347,-2.8056,122.0968
1.0000,-16.6602,47.2886,44.4365,2.0000,-27.3840,67.8242,-163.2146,4.0000,-22.4859,-23.0389,-52.3219,3.0000,11.5969,-14.9807,172.3956,5.0000,29.4366,-21.1049,-89.7549,7.0000,-20.7172,-59.6212,-5.4861,8.0000,-7.9241,-0.7344,10.6676,10.0000,-20.0510,-5.7572,-127.6737,9.0000,-6.0980,9.0966,155.1137,11.0000,7.6347,-2.8056,122.0968
1.0000,-16.5629,47.2371,44.5754,2.0000,-27.4488,67.8172,-163.3727,4.0000,-22.4859,-23.0389,-52.3219,3.0000,11.5969,-14.9807,172.3956,5.0000,29.4366,-21.1049,-89.7549,7.0000,-20.7172,-59.6212,-5.4861,8.0000,-7.9241,-0.7344,10.6676,10.0000,-20.0510,-5.7572,-127.6737,9.0000,-6.0980,9.0966,155.1137,11.0000,7.6347,-2.8056,122.0968
1.0000,-16.5629,47.2371,44.5754,2.0000,-27.4488,67.8172,-163.3727,4.0000,-22.4859,-23.0389,-52.3219,3.0000,11.6345,-14.9885,172.2349,5.0000,29.4366,-21.1049,-89.7549,7.0000,-20.7172,-59.6212,-5.4861,8.0000,-7.9241,-0.7344,10.6676,10.0000,-18.0320,-9.6762,-132.6208,9.0000,-6.0980,9.0966,155.1137,11.0000,7.6347,-2.8056,122.0968
1.0000,-16.5629,47.2371,44.5754,2.0000,-27.4488,67.8172,-163.3727,4.0000,-22.4553,-23.0421,-52.3086,3.0000,11.6345,-14.9885,172.2349,5.0000,29.4366,-21.1049,-89.7549,7.0000,-20.7172,-59.6212,-5.4861,8.0000,-7.9241,-0.7344,10.6676,10.0000,-18.0320,-9.6762,-132.6208,9.0000,-6.0980,9.0966,155.1137,11.0000,7.2330,-1.4862,115.8197
1.0000,-16.5629,47.2371,44.5754,2.0000,-27.4488,67.8172,-163.3727,4.0000,-22.4553,-23.0421,-52.3086,3.0000,11.6345,-14.9885,172.2349,5.0000,29.4270,-21.1144,-89.6779,7.0000,-24.2405,-55.8177,-8.4610,8.0000,-7.9241,-0.7344,10.6676,10.0000,-18.0320,-9.6762,-132.6208,9.0000,-6.0980,9.0966,155.1137,11.0000,7.2330,-1.4862,115.8197
1.0000,-16.5629,47.2371,44.5754,2.0000,-27.4488,67.8172,-163.3727,4.0000,-22.4553,-23.0421,-52.3086,3.0000,11.6345,-14.9885,172.2349,5.0000,29.4270,-21.1144,-89.6779,7.0000,-24.2405,-55.8177,-8.4610,8.0000,-7.9241,-0.7344,10.6676,10.0000,-18.0320,-9.6762,-132.6208,9.0000,-6.0980,9.0966,155.1137,11.0000,7.2330,-1.4862,115.8197
1.0000,-16.5123,47.2051,44.7955,2.0000,-27.4301,67.8081,-163.3604,4.0000,-22.4553,-23.0421,-52.3086,3.0000,11.6345,-14.9885,172.2349,5.0000,29.4270,-21.1144,-89.6779,7.0000,-24.2405,-55.8177,-8.4610,8.0000,-7.9241,-0.7344,10.6676,10.0000,-18.0320,-9.6762,-132.6208,9.0000,-5.1404,8.8435,144.2864,11.0000,7.2330,-1.4862,115.8197
1.0000,-16.5123,47.2051,44.7955,2.0000,-27.4301,67.8081,-163.3604,4.0000,-22.4553,-23.0421,-52.3086,3.0000,11.6588,-15.0017,172.0669,5.0000,29.4270,-21.1144,-89.6779,7.0000,-24.2405,-55.8177,-8.4610,8.0000,-7.9241,-0.7344,10.6676,10.0000,-16.5957,-13.9528,-138.0252,9.0000,-5.1404,8.8435,144.2864,11.0000,8.3698,-2.3798,104.1265
1.0000,-16.5123,47.2051,44.7955,2.0000,-27.4301,67.8081,-163.3604,4.0000,-22.4230,-23.0088,-52.3988,3.0000,11.6588,-15.0017,172.0669,5.0000,29.4270,-21.1144,-89.6779,7.0000,-28.8280,-54.2485,-10.8319,8.0000,-7.9241,-0.7344,10.6676,10.0000,-16.5957,-13.9528,-138.0252,9.0000,-5.1404,8.8435,144.2864,11.0000,8.3698,-2.3798,104.1265
1.0000,-16.4423,47.1745,44.9920,2.0000,-27.4301,67.8081,-163.3604,4.0000,-22.4230,-23.0088,-52.3988,3.0000,11.6588,-15.0017,172.0669,5.0000,29.4863,-21.0880,-89.7022,7.0000,-28.8280,-54.2485,-10.8319,8.0000,-7.9241,-0.7344,10.6676,10.0000,-16.5957,-13.9528,-138.0252,9.0000,-1.8478,10.6147,133.3843,11.0000,8.3698,-2.3798,104.1265
1.0000,-16.4423,47.1745,44.9920,2.0000,-27.3433,67.7890,-163.2257,4.0000,-22.4230,-23.0088,-52.3988,3.0000,11.6588,-15.0017,172.0669,5.0000,29.4863,-21.0880,-89.7022,7.0000,-28.8280,-54.2485,-10.8319,8.0000,-7.9241,-0.7344,10.6676,10.0000,-16.5957,-13.9528,-138.0252,9.0000,-1.8478,10.6147,133.3843,11.0000,8.3698,-2.3798,104.1265
1.0000,-16.4423,47.1745,44.9920,2.0000,-27.3433,67.7890,-163.2257,4.0000,-22.4230,-23.0088,-52.3988,3.0000,11.7086,-14.9679,171.9413,5.0000,29.4863,-21.0880,-89.7022,7.0000,-28.8280,-54.2485,-10.8319,8.0000,-7.9241,-0.7344,10.6676,10.0000,-11.6376,-17.7302,-148.6304,9.0000,-1.8478,10.6147,133.3843,11.0000,8.3698,-2.3798,104.1265
1.0000,-16.4423,47.1745,44.9920,2.0000,-27.3433,67.7890,-163.2257,4.0000,-22.4026,-23.0478,-52.3238,3.0000,11.7086,-14.9679,171.9413,5.0000,29.4863,-21.0880,-89.7022,7.0000,-35.6356,-52.4168,-8.8632,8.0000,-7.9241,-0.7344,10.6676,10.0000,-11.6376,-17.7302,-148.6304,9.0000,-1.8478,10.6147,133.3843,11.0000,8.3698,-2.3798,104.1265
1.0000,-16.4423,47.1745,44.9920,2.0000,-27.3433,67.7890,-163.2257,4.0000,-22.4026,-23.0478,-52.3238,3.0000,11.7086,-14.9679,171.9413,5.0000,29.5180,-21.0532,-89.7747,7.0000,-35.6356,-52.4168,-8.8632,8.0000,-13.4444,-7.0457,-22.9556,10.0000,-11.6376,-17.7302,-148.6304,9.0000,-1.8478,10.6147,133.3843,11.0000,8.3698,-2.3798,104.1265
1.0000,-16.4109,47.1224,45.1566,2.0000,-27.3433,67.7890,-163.2257,4.0000,-22.4026,-23.0478,-52.3238,3.0000,11.7086,-14.9679,171.9413,5.0000,29.5180,-21.0532,-89.7747,7.0000,-35.6356,-52.4168,-8.8632,8.0000,-13.4444,-7.0457,-22.9556,10.0000,-11.6376,-17.7302,-148.6304,9.0000,1.4659,13.7889,123.1795,11.0000,8.3698,-2.3798,104.1265
1.0000,-16.4109,47.1224,45.1566,2.0000,-27.4365,67.7952,-163.3874,4.0000,-22.4026,-23.0478,-52.3238,3.0000,11.7086,-14.9679,171.9413,5.0000,29.5180,-21.0532,-89.7747,7.0000,-35.6356,-52.4168,-8.8632,8.0000,-13.4444,-7.0457,-22.9556,10.0000,-7.0848,-22.5357,-163.4150,9.0000,1.4659,13.7889,123.1795,11.0000,8.3698,-2.3798,104.1265
1.0000,-16.4109,47.1224,45.1566,2.0000,-27.4365,67.7952,-163.3874,4.0000,-22.4026,-23.0478,-52.3238,3.0000,11.7609,-15.0224,171.7675,5.0000,29.5180,-21.0532,-89.7747,7.0000,-41.1763,-51.1509,-5.7856,8.0000,-13.4444,-7.0457,-22.9556,10.0000,-7.0848,-22.5357,-163.4150,9.0000,1.4659,13.7889,123.1795,11.0000,11.1852,-4.3822,76.9254
1.0000,-16.4109,47.1224,45.1566,2.0000,-27.4365,67.7952,-163.3874,4.0000,-22.3799,-23.0584,-52.3567,3.0000,11.7609,-15.0224,171.7675,5.0000,29.5868,-21.0381,-89.7647,7.0000,-41.1763,-51.1509,-5.7856,8.0000,-13.4444,-7.0457,-22.9556,10.0000,-7.0848,-22.5357,-163.4150,9.0000,4.1346,16.7214,116.0246,11.0000,11.1852,-4.3822,76.9254
1.0000,-16.3426,47.1114,45.3774,2.0000,-27.4365,67.7952,-163.3874,4.0000,-22.3799,-23.0584,-52.3567,3.0000,11.7609,-15.0224,171.7675,5.0000,29.5868,-21.0381,-89.7647,7.0000,-41.1763,-51.1509,-5.7856,8.0000,-13.4444,-7.0457,-22.9556,10.0000,-5.8865,-21.4269,175.4111,9.0000,4.1346,16.7214,116.0246,11.0000,11.1852,-4.3822,76.9254
1.0000,-16.3426,47.1114,45.3774,2.0000,-27.3599,67.8304,-163.2901,4.0000,-22.3799,-23.0584,-52.3567,3.0000,11.7609,-15.0224,171.7675,5.0000,29.5868,-21.0381,-89.7647,7.0000,-41.1763,-51.1509,-5.7856,8.0000,-13.4444,-7.0457,-22.9556,10.0000,-5.8865,-21.4269,175.4111,9.0000,4.1346,16.7214,116.0246,11.0000,11.7250,-1.8307,62.3757
1.0000,-16.3426,47.1114,45.3774,2.0000,-27.3599,67.8304,-163.2901,4.0000,-22.3799,-23.0584,-52.3567,3.0000,11.7726,-15.0518,171.5973,5.0000,29.5868,-21.0381,-89.7647,7.0000,-44.5280,-51.0760,-1.8948,8.0000,-13.4444,-7.0457,-22.9556,10.0000,-5.8865,-21.4269,175.4111,9.0000,4.1346,16.7214,116.0246,11.0000,11.7250,-1.8307,62.3757
1.0000,-16.3426,47.1114,45.3774,2.0000,-27.3599,67.8304,-163.2901,4.0000,-22.3527,-23.0417,-52.3782,3.0000,11.7726,-15.0518,171.5973,5.0000,29.5868,-21.0381,-89.7647,7.0000,-44.5280,-51.0760,-1.8948,8.0000,-11.3975,-17.1271,-49.0314,10.0000,-5.8865,-21.4269,175.4111,9.0000,4.1346,16.7214,116.0246,11.0000,11.7250,-1.8307,62.3757
1.0000,-16.3426,47.1114,45.3774,2.0000,-27.3599,67.8304,-163.2901,4.0000,-22.3527,-23.0417,-52.3782,3.0000,11.7726,-15.0518,171.5973,5.0000,29.6885,-21.0313,-89.7389,7.0000,-44.5280,-51.0760,-1.8948,8.0000,-11.3975,-17.1271,-49.0314,10.0000,-5.8865,-21.4269,175.4111,9.0000,6.4743,19.1213,116.4027,11.0000,11.7250,-1.8307,62.3757
1.0000,-16.2848,47.0660,45.5298,2.0000,-27.3599,67.8304,-163.2901,4.0000,-22.3527,-23.0417,-52.3782,3.0000,11.7726,-15.0518,171.5973,5.0000,29.6885,-21.0313,-89.7389,7.0000,-44.5280,-51.0760,-1.8948,8.0000,-11.3975,-17.1271,-49.0314,10.0000,-9.0668,-18.7341,167.5389,9.0000,6.4743,19.1213,116.4027,11.0000,11.7250,-1.8307,62.3757
1.0000,-16.2848,47.0660,45.5298,2.0000,-27.2824,67.7954,-163.1913,4.0000,-22.3527,-23.0417,-52.3782,3.0000,11.7726,-15.0518,171.5973,5.0000,29.6885,-21.0313,-89.7389,7.0000,-45.9928,-52.3515,1.9584,8.0000,-11.3975,-17.1271,-49.0314,10.0000,-9.0668,-18.7341,167.5389,9.0000,6.4743,19.1213,116.4027,11.0000,11.0978,2.7926,57.1015
1.0000,-16.2848,47.0660,45.5298,2.0000,-27.2824,67.7954,-163.1913,4.0000,-22.3425,-23.0091,-52.4240,3.0000,11.7939,-15.0633,171.4065,5.0000,29.6885,-21.0313,-89.7389,7.0000,-45.9928,-52.3515,1.9584,8.0000,-11.7782,-19.4038,-48.7166,10.0000,-9.0668,-18.7341,167.5389,9.0000,6.4743,19.1213,116.4027,11.0000,11.0978,2.7926,57.1015
1.0000,-16.2848,47.0660,45.5298,2.0000,-27.2824,67.7954,-163.1913,4.0000,-22.3425,-23.0091,-52.4240,3.0000,11.7939,-15.0633,171.4065,5.0000,29.6593,-21.0150,-89.7138,7.0000,-45.9928,-52.3515,1.9584,8.0000,-11.7782,-19.4038,-48.7166,10.0000,-9.0668,-18.7341,167.5389,9.0000,8.3465,20.1197,120.9066,11.0000,11.0978,2.7926,57.1015
1.0000,-16.2467,47.0437,45.6984,2.0000,-27.2824,67.7954,-163.1913,4.0000,-22.3425,-23.0091,-52.4240,3.0000,11.7939,-15.0633,171.4065,5.0000,29.6593,-21.0150,-89.7138,7.0000,-45.9928,-52.3515,1.9584,8.0000,-11.7782,-19.4038,-48.7166,10.0000,-14.6614,-15.7945,175.2892,9.0000,8.3465,20.1197,120.9066,11.0000,11.0978,2.7926,57.1015
1.0000,-16.2467,47.0437,45.6984,2.0000,-27.1837,67.8332,-163.1153,4.0000,-22.3425,-23.0091,-52.4240,3.0000,11.7939,-15.0633,171.4065,5.0000,29.6593,-21.0150,-89.7138,7.0000,-45.9928,-52.3515,1.9584,8.0000,-11.7782,-19.4038,-48.7166,10.0000,-14.6614,-15.7945,175.2892,9.0000,8.3465,20.1197,120.9066,11.0000,10.9136,6.1617,57.5440
1.0000,-16.2467,47.0437,45.6984,2.0000,-27.1837,67.8332,-163.1153,4.0000,-22.3425,-23.0091,-52.4240,3.0000,11.8093,-15.0542,171.2196,5.0000,29.6593,-21.0150,-89.7138,7.0000,-44.6659,-54.1797,6.2463,8.0000,-11.7782,-19.4038,-48.7166,10.0000,-14.6614,-15.7945,175.2892,9.0000,8.3465,20.1197,120.9066,11.0000,10.9136,6.1617,57.5440
1.0000,-16.2467,47.0437,45.6984,2.0000,-27.1837,67.8332,-163.1153,4.0000,-22.3286,-23.0220,-52.3814,3.0000,11.8093,-15.0542,171.2196,5.0000,29.6593,-21.0150,-89.7138,7.0000,-44.6659,-54.1797,6.2463,8.0000,-15.4492,-18.8814,-36.3801,10.0000,-14.6614,-15.7945,175.2892,9.0000,8.3465,20.1197,120.9066,11.0000,10.9136,6.1617,57.5440
1.0000,-16.2467,47.0437,45.6984,2.0000,-27.1837,67.8332,-163.1153,4.0000,-22.3286,-23.0220,-52.3814,3.0000,11.8093,-15.0542,171.2196,5.0000,29.7205,-21.0292,-89.6831,7.0000,-44.6659,-54.1797,6.2463,8.0000,-15.4492,-18.8814,-36.3801,10.0000,-14.6614,-15.7945,175.2892,9.0000,9.6511,19.4857,128.9353,11.0000,10.9136,6.1617,57.5440
1.0000,-16.2467,47.0437,45.6984,2.0000,-27.1837,67.8332,-163.1153,4.0000,-22.3286,-23.0220,-52.3814,3.0000,11.8093,-15.0542,171.2196,5.0000,29.7205,-21.0292,-89.6831,7.0000,-44.6659,-54.1797,6.2463,8.0000,-15.4492,-18.8814,-36.3801,10.0000,-17.1370,-9.5537,-171.2037,9.0000,9.6511,19.4857,128.9353,11.0000,11.0531,7.7233,62.7991
1.0000,-16.2046,46.9522,45.8362,2.0000,-27.1837,67.8332,-163.1153,4.0000,-22.3286,-23.0220,-52.3814,3.0000,11.8093,-15.0542,171.2196,5.0000,29.7205,-21.0292,-89.6831,7.0000,-40.6900,-56.4631,9.1772,8.0000,-15.4492,-18.8814,-36.3801,10.0000,-17.1370,-9.5537,-171.2037,9.0000,9.6511,19.4857,128.9353,11.0000,11.0531,7.7233,62.7991
1.0000,-16.2046,46.9522,45.8362,2.0000,-27.1438,67.7812,-163.0400,4.0000,-22.2958,-23.0354,-52.4003,3.0000,11.8260,-15.0716,171.0573,5.0000,29.7205,-21.0292,-89.6831,7.0000,-40.6900,-56.4631,9.1772,8.0000,-18.7279,-14.2818,-18.9650,10.0000,-17.1370,-9.5537,-171.2037,9.0000,9.6511,19.4857,128.9353,11.0000,11.0531,7.7233,62.7991
1.0000,-16.2046,46.9522,45.8362,2.0000,-27.1438,67.7812,-163.0400,4.0000,-22.2958,-23.0354,-52.4003,3.0000,11.8260,-15.0716,171.0573,5.0000,29.7325,-21.0240,-89.6223,7.0000,-40.6900,-56.4631,9.1772,8.0000,-18.7279,-14.2818,-18.9650,10.0000,-17.1370,-9.5537,-171.2037,9.0000,10.7108,16.6242,139.1348,11.0000,11.0531,7.7233,62.7991
1.0000,-16.1979,46.8827,46.0053,2.0000,-27.1438,67.7812,-163.0400,4.0000,-22.2958,-23.0354,-52.4003,3.0000,11.8260,-15.0716,171.0573,5.0000,29.7325,-21.0240,-89.6223,7.0000,-40.6900,-56.4631,9.1772,8.0000,-18.7279,-14.2818,-18.9650,10.0000,-18.7147,-2.2614,-156.3658,9.0000,10.7108,16.6242,139.1348,11.0000,11.0531,7.7233,62.7991
1.0000,-16.1979,46.8827,46.0053,2.0000,-27.1438,67.7812,-163.0400,4.0000,-22.2958,-23.0354,-52.4003,3.0000,11.8260,-15.0716,171.0573,5.0000,29.7325,-21.0240,-89.6223,7.0000,-40.6900,-56.4631,9.1772,8.0000,-18.7279,-14.2818,-18.9650,10.0000,-18.7147,-2.2614,-156.3658,9.0000,10.7108,16.6242,139.1348,11.0000,11.6066,8.1873,74.8789
1.0000,-16.1979,46.8827,46.0053,2.0000,-27.1272,67.7787,-163.0462,4.0000,-22.2958,-23.0354,-52.4003,3.0000,11.8469,-15.0947,170.8870,5.0000,29.7325,-21.0240,-89.6223,7.0000,-35.8220,-59.8094,11.3124,8.0000,-18.7279,-14.2818,-18.9650,10.0000,-18.7147,-2.2614,-156.3658,9.0000,10.7108,16.6242,139.1348,11.0000,11.6066,8.1873,74.8789
1.0000,-16.1979,46.8827,46.0053,2.0000,-27.1272,67.7787,-163.0462,4.0000,-22.2726,-23.0582,-52.3989,3.0000,11.8469,-15.0947,170.8870,5.0000,29.7325,-21.0240,-89.6223,7.0000,-35.8220,-59.8094,11.3124,8.0000,-18.7279,-14.2818,-18.9650,10.0000,-18.7147,-2.2614,-156.3658,9.0000,10.7108,16.6242,139.1348,11.0000,11.6066,8.1873,74.8789
1.0000,-16.1979,46.8827,46.0053,2.0000,-27.1272,67.7787,-163.0462,4.0000,-22.2726,-23.0582,-52.3989,3.0000,11.8469,-15.0947,170.8870,5.0000,29.7799,-21.0264,-89.5725,7.0000,-35.8220,-59.8094,11.3124,8.0000,-20.0969,-9.5409,-2.0913,10.0000,-18.7147,-2.2614,-156.3658,9.0000,9.5668,13.6678,150.0400,11.0000,11.6066,8.1873,74.8789
1.0000,-16.1485,46.8296,46.1456,2.0000,-27.1733,67.7793,-163.1110,4.0000,-22.2726,-23.0582,-52.3989,3.0000,11.8469,-15.0947,170.8870,5.0000,29.7799,-21.0264,-89.5725,7.0000,-35.8220,-59.8094,11.3124,8.0000,-20.0969,-9.5409,-2.0913,10.0000,-18.2266,2.0643,-144.5236,9.0000,9.5668,13.6678,150.0400,11.0000,11.6066,8.1873,74.8789
1.0000,-16.1485,46.8296,46.1456,2.0000,-27.1733,67.7793,-163.1110,4.0000,-22.2726,-23.0582,-52.3989,3.0000,11.9067,-15.1114,170.7641,5.0000,29.7799,-21.0264,-89.5725,7.0000,-35.8220,-59.8094,11.3124,8.0000,-20.0969,-9.5409,-2.0913,10.0000,-18.2266,2.0643,-144.5236,9.0000,9.5668,13.6678,150.0400,11.0000,12.6116,8.6049,93.3034
1.0000,-16.1485,46.8296,46.1456,2.0000,-27.1733,67.7793,-163.1110,4.0000,-22.2452,-23.0694,-52.3550,3.0000,11.9067,-15.1114,170.7641,5.0000,29.7799,-21.0264,-89.5725,7.0000,-29.9762,-63.5899,11.2265,8.0000,-20.0969,-9.5409,-2.0913,10.0000,-18.2266,2.0643,-144.5236,9.0000,9.5668,13.6678,150.0400,11.0000,12.6116,8.6049,93.3034
1.0000,-16.1485,46.8296,46.1456,2.0000,-27.1733,67.7793,-163.1110,4.0000,-22.2452,-23.0694,-52.3550,3.0000,11.9067,-15.1114,170.7641,5.0000,29.7716,-20.9926,-89.5712,7.0000,-29.9762,-63.5899,11.2265,8.0000,-17.5262,-5.2544,9.7036,10.0000,-18.2266,2.0643,-144.5236,9.0000,9.5668,13.6678,150.0400,11.0000,12.6116,8.6049,93.3034
1.0000,-16.0737,46.8207,46.3476,2.0000,-27.1733,67.7793,-163.1110,4.0000,-22.2452,-23.0694,-52.3550,3.0000,11.9067,-15.1114,170.7641,5.0000,29.7716,-20.9926,-89.5712,7.0000,-29.9762,-63.5899,11.2265,8.0000,-17.5262,-5.2544,9.7036,10.0000,-18.2266,2.0643,-144.5236,9.0000,5.6787,11.6113,160.7081,11.0000,12.6116,8.6049,93.3034
1.0000,-16.0737,46.8207,46.3476,2.0000,-27.2012,67.7240,-163.1095,4.0000,-22.2452,-23.0694,-52.3550,3.0000,11.9067,-15.1114,170.7641,5.0000,29.7716,-20.9926,-89.5712,7.0000,-29.9762,-63.5899,11.2265,8.0000,-17.5262,-5.2544,9.7036,10.0000,-18.2266,2.0643,-144.5236,9.0000,5.6787,11.6113,160.7081,11.0000,13.1687,7.5988,112.4129
1.0000,-16.0737,46.8207,46.3476,2.0000,-27.2012,67.7240,-163.1095,4.0000,-22.2452,-23.0694,-52.3550,3.0000,11.9223,-15.1502,170.5705,5.0000,29.7716,-20.9926,-89.5712,7.0000,-25.4449,-65.3301,8.5712,8.0000,-17.5262,-5.2544,9.7036,10.0000,-18.2266,2.0643,-144.5236,9.0000,5.6787,11.6113,160.7081,11.0000,13.1687,7.5988,112.4129
1.0000,-16.0737,46.8207,46.3476,2.0000,-27.2012,67.7240,-163.1095,4.0000,-22.2742,-23.0371,-52.3210,3.0000,11.9223,-15.1502,170.5705,5.0000,29.7716,-20.9926,-89.5712,7.0000,-25.4449,-65.3301,8.5712,8.0000,-14.1904,-1.7427,12.9731,10.0000,-18.2266,2.0643,-144.5236,9.0000,0.5413,11.6017,166.8918,11.0000,13.1687,7.5988,112.4129
1.0000,-15.9960,46.7992,46.6052,2.0000,-27.2012,67.7240,-163.1095,4.0000,-22.2742,-23.0371,-52.3210,3.0000,11.9223,-15.1502,170.5705,5.0000,29.8042,-20.9893,-89.5398,7.0000,-25.4449,-65.3301,8.5712,8.0000,-14.1904,-1.7427,12.9731,10.0000,-25.5020,4.2610,-139.6763,9.0000,0.5413,11.6017,166.8918,11.0000,13.1687,7.5988,112.4129
1.0000,-15.9960,46.7992,46.6052,2.0000,-27.1457,67.6492,-162.9512,4.0000,-22.2742,-23.0371,-52.3210,3.0000,11.9223,-15.1502,170.5705,5.0000,29.8042,-20.9893,-89.5398,7.0000,-25.4449,-65.3301,8.5712,8.0000,-14.1904,-1.7427,12.9731,10.0000,-25.5020,4.2610,-139.6763,9.0000,0.5413,11.6017,166.8918,11.0000,11.5407,3.3060,125.2928
1.0000,-15.9960,46.7992,46.6052,2.0000,-27.1457,67.6492,-162.9512,4.0000,-22.2742,-23.0371,-52.3210,3.0000,11.9554,-15.1889,170.3907,5.0000,29.8042,-20.9893,-89.5398,7.0000,-26.1283,-63.1618,6.7173,8.0000,-14.1904,-1.7427,12.9731,10.0000,-25.5020,4.2610,-139.6763,9.0000,0.5413,11.6017,166.8918,11.0000,11.5407,3.3060,125.2928
1.0000,-15.9960,46.7992,46.6052,2.0000,-27.1457,67.6492,-162.9512,4.0000,-22.3309,-23.0036,-52.2151,3.0000,11.9554,-15.1889,170.3907,5.0000,29.8042,-20.9893,-89.5398,7.0000,-26.1283,-63.1618,6.7173,8.0000,-10.6425,-0.2536,14.0561,10.0000,-25.5020,4.2610,-139.6763,9.0000,0.5413,11.6017,166.8918,11.0000,11.5407,3.3060,125.2928
1.0000,-15.9960,46.7992,46.6052,2.0000,-27.1457,67.6492,-162.9512,4.0000,-22.3309,-23.0036,-52.2151,3.0000,11.9554,-15.1889,170.3907,5.0000,29.8278,-20.9793,-89.5346,7.0000,-26.1283,-63.1618,6.7173,8.0000,-10.6425,-0.2536,14.0561,10.0000,-25.5020,4.2610,-139.6763,9.0000,-3.8810,11.4219,168.4491,11.0000,11.5407,3.3060,125.2928
1.0000,-15.9134,46.7701,46.7597,2.0000,-27.1457,67.6492,-162.9512,4.0000,-22.3309,-23.0036,-52.2151,3.0000,11.9554,-15.1889,170.3907,5.0000,29.8278,-20.9793,-89.5346,7.0000,-26.1283,-63.1618,6.7173,8.0000,-10.6425,-0.2536,14.0561,10.0000,-29.3689,3.2295,-140.0920,9.0000,-3.8810,11.4219,168.4491,11.0000,11.5407,3.3060,125.2928
1.0000,-15.9134,46.7701,46.7597,2.0000,-27.1281,67.6564,-162.9345,4.0000,-22.3309,-23.0036,-52.2151,3.0000,11.9554,-15.1889,170.3907,5.0000,29.8278,-20.9793,-89.5346,7.0000,-26.1283,-63.1618,6.7173,8.0000,-10.6425,-0.2536,14.0561,10.0000,-29.3689,3.2295,-140.0920,9.0000,-3.8810,11.4219,168.4491,11.0000,9.3987,-0.4045,125.1499
1.0000,-15.9134,46.7701,46.7597,2.0000,-27.1281,67.6564,-162.9345,4.0000,-22.3309,-23.0036,-52.2151,3.0000,11.9988,-15.1443,170.2942,5.0000,29.8278,-20.9793,-89.5346,7.0000,-29.0820,-60.2561,5.5623,8.0000,-8.3507,-0.7351,10.4517,10.0000,-29.3689,3.2295,-140.0920,9.0000,-3.8810,11.4219,168.4491,11.0000,9.3987,-0.4045,125.1499
1.0000,-15.9134,46.7701,46.7597,2.0000,-27.1281,67.6564,-162.9345,4.0000,-22.3771,-22.9856,-52.1704,3.0000,11.9988,-15.1443,170.2942,5.0000,29.8278,-20.9793,-89.5346,7.0000,-29.0820,-60.2561,5.5623,8.0000,-8.3507,-0.7351,10.4517,10.0000,-29.3689,3.2295,-140.0920,9.0000,-5.2228,11.0581,163.9098,11.0000,9.3987,-0.4045,125.1499
1.0000,-15.8926,46.7465,46.9181,2.0000,-27.1281,67.6564,-162.9345,4.0000,-22.3771,-22.9856,-52.1704,3.0000,11.9988,-15.1443,170.2942,5.0000,29.8792,-20.9858,-89.5116,7.0000,-29.0820,-60.2561,5.5623,8.0000,-8.3507,-0.7351,10.4517,10.0000,-29.1953,-2.3896,-141.7371,9.0000,-5.2228,11.0581,163.9098,11.0000,9.3987,-0.4045,125.1499
1.0000,-15.8926,46.7465,46.9181,2.0000,-27.1500,67.6444,-162.9438,4.0000,-22.3771,-22.9856,-52.1704,3.0000,11.9988,-15.1443,170.2942,5.0000,29.8792,-20.9858,-89.5116,7.0000,-29.0820,-60.2561,5.5623,8.0000,-8.3507,-0.7351,10.4517,10.0000,-29.1953,-2.3896,-141.7371,9.0000,-5.2228,11.0581,163.9098,11.0000,7.2806,-0.8964,122.5106
1.0000,-15.8926,46.7465,46.9181,2.0000,-27.1500,67.6444,-162.9438,4.0000,-22.3771,-22.9856,-52.1704,3.0000,12.0142,-15.1504,170.1319,5.0000,29.8792,-20.9858,-89.5116,7.0000,-32.9606,-57.3070,5.4921,8.0000,-8.3507,-0.7351,10.4517,10.0000,-29.1953,-2.3896,-141.7371,9.0000,-5.2228,11.0581,163.9098,11.0000,7.2806,-0.8964,122.5106
1.0000,-15.8926,46.7465,46.9181,2.0000,-27.1500,67.6444,-162.9438,4.0000,-22.3771,-22.9856,-52.1704,3.0000,12.0142,-15.1504,170.1319,5.0000,29.8792,-20.9858,-89.5116,7.0000,-32.9606,-57.3070,5.4921,8.0000,-9.1460,-2.9792,4.5603,10.0000,-29.1953,-2.3896,-141.7371,9.0000,-5.2228,11.0581,163.9098,11.0000,7.2806,-0.8964,122.5106
1.0000,-15.8926,46.7465,46.9181,2.0000,-27.1500,67.6444,-162.9438,4.0000,-22.3487,-23.0049,-52.0927,3.0000,12.0142,-15.1504,170.1319,5.0000,29.9451,-20.9874,-89.5079,7.0000,-32.9606,-57.3070,5.4921,8.0000,-9.1460,-2.9792,4.5603,10.0000,-29.1953,-2.3896,-141.7371,9.0000,-4.5991,8.4704,151.9686,11.0000,7.2806,-0.8964,122.5106
1.0000,-15.7925,46.6792,46.9810,2.0000,-27.1500,67.6444,-162.9438,4.0000,-22.3487,-23.0049,-52.0927,3.0000,12.0142,-15.1504,170.1319,5.0000,29.9451,-20.9874,-89.5079,7.0000,-32.9606,-57.3070,5.4921,8.0000,-9.1460,-2.9792,4.5603,10.0000,-27.6889,-8.7284,-143.6290,9.0000,-4.5991,8.4704,151.9686,11.0000,7.2806,-0.8964,122.5106
1.0000,-15.7925,46.6792,46.9810,2.0000,-27.1833,67.6770,-163.0439,4.0000,-22.3487,-23.0049,-52.0927,3.0000,12.0142,-15.1504,170.1319,5.0000,29.9451,-20.9874,-89.5079,7.0000,-36.6272,-54.3235,4.7923,8.0000,-9.1460,-2.9792,4.5603,10.0000,-27.6889,-8.7284,-143.6290,9.0000,-4.5991,8.4704,151.9686,11.0000,6.7899,-1.4642,110.7120
1.0000,-15.7925,46.6792,46.9810,2.0000,-27.1833,67.6770,-163.0439,4.0000,-22.3487,-23.0049,-52.0927,3.0000,12.0649,-15.1622,170.0049,5.0000,29.9451,-20.9874,-89.5079,7.0000,-36.6272,-54.3235,4.7923,8.0000,-11.5668,-5.3039,1.3728,10.0000,-27.6889,-8.7284,-143.6290,9.0000,-4.5991,8.4704,151.9686,11.0000,6.7899,-1.4642,110.7120
1.0000,-15.7925,46.6792,46.9810,2.0000,-27.1833,67.6770,-163.0439,4.0000,-22.3275,-23.0732,-52.0243,3.0000,12.0649,-15.1622,170.0049,5.0000,30.0258,-20.9498,-89.5557,7.0000,-36.6272,-54.3235,4.7923,8.0000,-11.5668,-5.3039,1.3728,10.0000,-27.6889,-8.7284,-143.6290,9.0000,-1.9638,6.5352,137.5019,11.0000,6.7899,-1.4642,110.7120
1.0000,-15.6955,46.6964,47.1816,2.0000,-27.1833,67.6770,-163.0439,4.0000,-22.3275,-23.0732,-52.0243,3.0000,12.0649,-15.1622,170.0049,5.0000,30.0258,-20.9498,-89.5557,7.0000,-36.6272,-54.3235,4.7923,8.0000,-11.5668,-5.3039,1.3728,10.0000,-23.6688,-14.5552,-145.2937,9.0000,-1.9638,6.5352,137.5019,11.0000,6.7899,-1.4642,110.7120
1.0000,-15.6955,46.6964,47.1816,2.0000,-27.2274,67.6635,-163.1073,4.0000,-22.3275,-23.0732,-52.0243,3.0000,12.0649,-15.1622,170.0049,5.0000,30.0258,-20.9498,-89.5557,7.0000,-36.6272,-54.3235,4.7923,8.0000,-11.5668,-5.3039,1.3728,10.0000,-23.6688,-14.5552,-145.2937,9.0000,-1.9638,6.5352,137.5019,11.0000,8.9562,-5.1477,97.7057
1.0000,-15.6955,46.6964,47.1816,2.0000,-27.2274,67.6635,-163.1073,4.0000,-22.3275,-23.0732,-52.0243,3.0000,12.1396,-15.1210,169.9305,5.0000,30.0258,-20.9498,-89.5557,7.0000,-41.2766,-52.3488,6.4108,8.0000,-11.5668,-5.3039,1.3728,10.0000,-23.6688,-14.5552,-145.2937,9.0000,-1.9638,6.5352,137.5019,11.0000,8.9562,-5.1477,97.7057
1.0000,-15.6955,46.6964,47.1816,2.0000,-27.2274,67.6635,-163.1073,4.0000,-22.2163,-23.1278,-52.0651,3.0000,12.1396,-15.1210,169.9305,5.0000,30.0258,-20.9498,-89.5557,7.0000,-41.2766,-52.3488,6.4108,8.0000,-13.4257,-7.6541,-7.3815,10.0000,-23.6688,-14.5552,-145.2937,9.0000,-1.9638,6.5352,137.5019,11.0000,8.9562,-5.1477,97.7057
1.0000,-15.6955,46.6964,47.1816,2.0000,-27.2274,67.6635,-163.1073,4.0000,-22.2163,-23.1278,-52.0651,3.0000,12.1396,-15.1210,169.9305,5.0000,29.9800,-20.9314,-89.5182,7.0000,-41.2766,-52.3488,6.4108,8.0000,-13.4257,-7.6541,-7.3815,10.0000,-23.6688,-14.5552,-145.2937,9.0000,0.3996,9.6865,130.3032,11.0000,8.9562,-5.1477,97.7057
1.0000,-15.6981,46.6336,47.3008,2.0000,-27.2274,67.6635,-163.1073,4.0000,-22.2163,-23.1278,-52.0651,3.0000,12.1396,-15.1210,169.9305,5.0000,29.9800,-20.9314,-89.5182,7.0000,-41.2766,-52.3488,6.4108,8.0000,-13.4257,-7.6541,-7.3815,10.0000,-18.9755,-19.0559,-160.9086,9.0000,0.3996,9.6865,130.3032,11.0000,13.2973,-5.5569,76.9550
1.0000,-15.6981,46.6336,47.3008,2.0000,-27.2353,67.6130,-163.1251,4.0000,-22.2163,-23.1278,-52.0651,3.0000,12.1396,-15.1210,169.9305,5.0000,29.9800,-20.9314,-89.5182,7.0000,-43.4562,-51.3809,7.6419,8.0000,-13.4257,-7.6541,-7.3815,10.0000,-18.9755,-19.0559,-160.9086,9.0000,0.3996,9.6865,130.3032,11.0000,13.2973,-5.5569,76.9550
1.0000,-15.6981,46.6336,47.3008,2.0000,-27.2353,67.6130,-163.1251,4.0000,-22.3017,-23.0518,-52.0118,3.0000,12.1876,-15.1300,169.8476,5.0000,29.9800,-20.9314,-89.5182,7.0000,-43.4562,-51.3809,7.6419,8.0000,-15.0068,-11.3934,-20.7713,10.0000,-18.9755,-19.0559,-160.9086,9.0000,0.3996,9.6865,130.3032,11.0000,13.2973,-5.5569,76.9550
1.0000,-15.6981,46.6336,47.3008,2.0000,-27.2353,67.6130,-163.1251,4.0000,-22.3017,-23.0518,-52.0118,3.0000,12.1876,-15.1300,169.8476,5.0000,29.9800,-20.9314,-89.5182,7.0000,-43.4562,-51.3809,7.6419,8.0000,-15.0068,-11.3934,-20.7713,10.0000,-18.9755,-19.0559,-160.9086,9.0000,0.3996,9.6865,130.3032,11.0000,13.2973,-5.5569,76.9550
1.0000,-15.6460,46.5938,47.4059,2.0000,-27.2353,67.6130,-163.1251,4.0000,-22.3017,-23.0518,-52.0118,3.0000,12.1876,-15.1300,169.8476,5.0000,29.9907,-20.9264,-89.5088,7.0000,-43.4562,-51.3809,7.6419,8.0000,-15.0068,-11.3934,-20.7713,10.0000,-18.9755,-19.0559,-160.9086,9.0000,2.4718,12.3675,127.0929,11.0000,13.2973,-5.5569,76.9550
1.0000,-15.6460,46.5938,47.4059,2.0000,-27.2147,67.5817,-163.0716,4.0000,-22.3017,-23.0518,-52.0118,3.0000,12.1876,-15.1300,169.8476,5.0000,29.9907,-20.9264,-89.5088,7.0000,-43.4562,-51.3809,7.6419,8.0000,-15.0068,-11.3934,-20.7713,10.0000,-18.3357,-17.8954,-172.3060,9.0000,2.4718,12.3675,127.0929,11.0000,13.2973,-5.5569,76.9550
1.0000,-15.6460,46.5938,47.4059,2.0000,-27.2147,67.5817,-163.0716,4.0000,-22.3017,-23.0518,-52.0118,3.0000,12.2114,-15.1482,169.7240,5.0000,29.9907,-20.9264,-89.5088,7.0000,-43.4562,-51.3809,7.6419,8.0000,-15.0068,-11.3934,-20.7713,10.0000,-18.3357,-17.8954,-172.3060,9.0000,2.4718,12.3675,127.0929,11.0000,15.1959,-3.8271,66.2702
1.0000,-15.6460,46.5938,47.4059,2.0000,-27.2147,67.5817,-163.0716,4.0000,-22.3052,-23.0210,-52.0443,3.0000,12.2114,-15.1482,169.7240,5.0000,29.9907,-20.9264,-89.5088,7.0000,-45.0345,-51.4951,9.4191,8.0000,-15.0068,-11.3934,-20.7713,10.0000,-18.3357,-17.8954,-172.3060,9.0000,2.4718,12.3675,127.0929,11.0000,15.1959,-3.8271,66.2702
1.0000,-15.6460,46.5938,47.4059,2.0000,-27.2147,67.5817,-163.0716,4.0000,-22.3052,-23.0210,-52.0443,3.0000,12.2114,-15.1482,169.7240,5.0000,29.9053,-20.9120,-89.4801,7.0000,-45.0345,-51.4951,9.4191,8.0000,-15.1186,-13.5483,-28.3177,10.0000,-18.3357,-17.8954,-172.3060,9.0000,2.4718,12.3675,127.0929,11.0000,15.1959,-3.8271,66.2702
1.0000,-15.5993,46.5503,47.5158,2.0000,-27.2147,67.5817,-163.0716,4.0000,-22.3052,-23.0210,-52.0443,3.0000,12.2114,-15.1482,169.7240,5.0000,29.9053,-20.9120,-89.4801,7.0000,-45.0345,-51.4951,9.4191,8.0000,-15.1186,-13.5483,-28.3177,10.0000,-18.3357,-17.8954,-172.3060,9.0000,4.5326,13.1944,127.7374,11.0000,14.8940,-1.9665,62.2477
1.0000,-15.5993,46.5503,47.5158,2.0000,-27.1964,67.6130,-163.0674,4.0000,-22.3052,-23.0210,-52.0443,3.0000,12.2709,-15.1537,169.6326,5.0000,29.9053,-20.9120,-89.4801,7.0000,-44.5512,-53.0275,11.1233,8.0000,-15.1186,-13.5483,-28.3177,10.0000,-18.3357,-17.8954,-172.3060,9.0000,4.5326,13.1944,127.7374,11.0000,14.8940,-1.9665,62.2477
1.0000,-15.5993,46.5503,47.5158,2.0000,-27.1964,67.6130,-163.0674,4.0000,-22.2956,-22.9995,-52.0468,3.0000,12.2709,-15.1537,169.6326,5.0000,29.9053,-20.9120,-89.4801,7.0000,-44.5512,-53.0275,11.1233,8.0000,-17.2564,-13.3970,-23.4105,10.0000,-18.3357,-17.8954,-172.3060,9.0000,4.5326,13.1944,127.7374,11.0000,14.8940,-1.9665,62.2477
1.0000,-15.5993,46.5503,47.5158,2.0000,-27.1964,67.6130,-163.0674,4.0000,-22.2956,-22.9995,-52.0468,3.0000,12.2709,-15.1537,169.6326,5.0000,29.9930,-20.9125,-89.4664,7.0000,-44.5512,-53.0275,11.1233,8.0000,-17.2564,-13.3970,-23.4105,10.0000,-18.3357,-17.8954,-172.3060,9.0000,6.2466,13.8893,130.3483,11.0000,14.8940,-1.9665,62.2477
1.0000,-15.5773,46.5446,47.6820,2.0000,-27.1964,67.6130,-163.0674,4.0000,-22.2956,-22.9995,-52.0468,3.0000,12.2709,-15.1537,169.6326,5.0000,29.9930,-20.9125,-89.4664,7.0000,-44.5512,-53.0275,11.1233,8.0000,-17.2564,-13.3970,-23.4105,10.0000,-20.3552,-4.0568,-154.4013,9.0000,6.2466,13.8893,130.3483,11.0000,14.8940,-1.9665,62.2477
1.0000,-15.5773,46.5446,47.6820,2.0000,-27.2002,67.6011,-163.0519,4.0000,-22.2956,-22.9995,-52.0468,3.0000,12.2709,-15.1537,169.6326,5.0000,29.9930,-20.9125,-89.4664,7.0000,-44.5512,-53.0275,11.1233,8.0000,-17.2564,-13.3970,-23.4105,10.0000,-20.3552,-4.0568,-154.4013,9.0000,6.2466,13.8893,130.3483,11.0000,14.3893,-0.0674,63.3438
1.0000,-15.5773,46.5446,47.6820,2.0000,-27.2002,67.6011,-163.0519,4.0000,-22.2956,-22.9995,-52.0468,3.0000,12.3353,-15.1924,169.5511,5.0000,29.9930,-20.9125,-89.4664,7.0000,-44.4529,-54.0042,13.3016,8.0000,-17.2564,-13.3970,-23.4105,10.0000,-20.3552,-4.0568,-154.4013,9.0000,6.2466,13.8893,130.3483,11.0000,14.3893,-0.0674,63.3438
1.0000,-15.5773,46.5446,47.6820,2.0000,-27.2002,67.6011,-163.0519,4.0000,-22.3445,-22.9913,-51.9390,3.0000,12.3353,-15.1924,169.5511,5.0000,29.9930,-20.9125,-89.4664,7.0000,-44.4529,-54.0042,13.3016,8.0000,-20.3885,-10.6671,-11.2833,10.0000,-20.3552,-4.0568,-154.4013,9.0000,6.2466,13.8893,130.3483,11.0000,14.3893,-0.0674,63.3438
1.0000,-15.5773,46.5446,47.6820,2.0000,-27.2002,67.6011,-163.0519,4.0000,-22.3445,-22.9913,-51.9390,3.0000,12.3353,-15.1924,169.5511,5.0000,29.8537,-20.8824,-89.4325,7.0000,-44.4529,-54.0042,13.3016,8.0000,-20.3885,-10.6671,-11.2833,10.0000,-19.6180,4.3715,-141.9203,9.0000,6.7069,14.0225,134.7383,11.0000,14.3893,-0.0674,63.3438
1.0000,-15.4800,46.5067,47.7946,2.0000,-27.1832,67.5613,-162.9604,4.0000,-22.3445,-22.9913,-51.9390,3.0000,12.3353,-15.1924,169.5511,5.0000,29.8537,-20.8824,-89.4325,7.0000,-44.4529,-54.0042,13.3016,8.0000,-20.3885,-10.6671,-11.2833,10.0000,-19.6180,4.3715,-141.9203,9.0000,6.7069,14.0225,134.7383,11.0000,14.5245,2.4860,66.2285
1.0000,-15.4800,46.5067,47.7946,2.0000,-27.1832,67.5613,-162.9604,4.0000,-22.3445,-22.9913,-51.9390,3.0000,12.4065,-15.1695,169.5569,5.0000,29.8537,-20.8824,-89.4325,7.0000,-43.3109,-55.0199,14.4361,8.0000,-20.3885,-10.6671,-11.2833,10.0000,-19.6180,4.3715,-141.9203,9.0000,6.7069,14.0225,134.7383,11.0000,14.5245,2.4860,66.2285
1.0000,-15.4800,46.5067,47.7946,2.0000,-27.1832,67.5613,-162.9604,4.0000,-22.3616,-22.9836,-51.8611,3.0000,12.4065,-15.1695,169.5569,5.0000,29.8537,-20.8824,-89.4325,7.0000,-43.3109,-55.0199,14.4361,8.0000,-21.6074,-6.8571,-0.0948,10.0000,-19.6180,4.3715,-141.9203,9.0000,6.7069,14.0225,134.7383,11.0000,14.5245,2.4860,66.2285
1.0000,-15.4800,46.5067,47.7946,2.0000,-27.1832,67.5613,-162.9604,4.0000,-22.3616,-22.9836,-51.8611,3.0000,12.4065,-15.1695,169.5569,5.0000,29.8886,-20.8608,-89.4144,7.0000,-43.3109,-55.0199,14.4361,8.0000,-21.6074,-6.8571,-0.0948,10.0000,-19.6180,4.3715,-141.9203,9.0000,6.4797,13.8215,137.0992,11.0000,14.5245,2.4860,66.2285
1.0000,-15.4774,46.4621,47.9123,2.0000,-27.1832,67.5613,-162.9604,4.0000,-22.3616,-22.9836,-51.8611,3.0000,12.4065,-15.1695,169.5569,5.0000,29.8886,-20.8608,-89.4144,7.0000,-43.3109,-55.0199,14.4361,8.0000,-21.6074,-6.8571,-0.0948,10.0000,-16.5598,7.7583,-132.9109,9.0000,6.4797,13.8215,137.0992,11.0000,14.5245,2.4860,66.2285
1.0000,-15.4774,46.4621,47.9123,2.0000,-27.1005,67.5758,-162.8252,4.0000,-22.3616,-22.9836,-51.8611,3.0000,12.4065,-15.1695,169.5569,5.0000,29.8886,-20.8608,-89.4144,7.0000,-43.3109,-55.0199,14.4361,8.0000,-21.6074,-6.8571,-0.0948,10.0000,-16.5598,7.7583,-132.9109,9.0000,6.4797,13.8215,137.0992,11.0000,14.5245,2.4860,66.2285
1.0000,-15.4774,46.4621,47.9123,2.0000,-27.1005,67.5758,-162.8252,4.0000,-22.3616,-22.9836,-51.8611,3.0000,12.4419,-15.1620,169.4585,5.0000,29.8886,-20.8608,-89.4144,7.0000,-43.3109,-55.0199,14.4361,8.0000,-21.6074,-6.8571,-0.0948,10.0000,-16.5598,7.7583,-132.9109,9.0000,6.4797,13.8215,137.0992,11.0000,14.2907,2.9071,73.7243
1.0000,-15.4774,46.4621,47.9123,2.0000,-27.1005,67.5758,-162.8252,4.0000,-22.3153,-22.9685,-51.9617,3.0000,12.4419,-15.1620,169.4585,5.0000,29.8886,-20.8608,-89.4144,7.0000,-41.8862,-55.6104,14.6543,8.0000,-21.1169,-4.3435,6.0392,10.0000,-16.5598,7.7583,-132.9109,9.0000,6.4797,13.8215,137.0992,11.0000,14.2907,2.9071,73.7243
1.0000,-15.4256,46.4298,48.0731,2.0000,-27.1005,67.5758,-162.8252,4.0000,-22.3153,-22.9685,-51.9617,3.0000,12.4419,-15.1620,169.4585,5.0000,29.9087,-20.8580,-89.3883,7.0000,-41.8862,-55.6104,14.6543,8.0000,-21.1169,-4.3435,6.0392,10.0000,-16.5598,7.7583,-132.9109,9.0000,5.4689,12.7496,142.0751,11.0000,14.2907,2.9071,73.7243
1.0000,-15.4256,46.4298,48.0731,2.0000,-27.0754,67.5934,-162.7778,4.0000,-22.3153,-22.9685,-51.9617,3.0000,12.4419,-15.1620,169.4585,5.0000,29.9087,-20.8580,-89.3883,7.0000,-41.8862,-55.6104,14.6543,8.0000,-21.1169,-4.3435,6.0392,10.0000,-16.0758,6.0408,-133.8815,9.0000,5.4689,12.7496,142.0751,11.0000,14.2907,2.9071,73.7243
1.0000,-15.4256,46.4298,48.0731,2.0000,-27.0754,67.5934,-162.7778,4.0000,-22.3153,-22.9685,-51.9617,3.0000,12.4745,-15.1672,169.3945,5.0000,29.9087,-20.8580,-89.3883,7.0000,-41.8862,-55.6104,14.6543,8.0000,-21.1169,-4.3435,6.0392,10.0000,-16.0758,6.0408,-133.8815,9.0000,5.4689,12.7496,142.0751,11.0000,13.8913,2.3800,83.9482
1.0000,-15.4256,46.4298,48.0731,2.0000,-27.0754,67.5934,-162.7778,4.0000,-22.2959,-22.9410,-51.9474,3.0000,12.4745,-15.1672,169.3945,5.0000,29.9087,-20.8580,-89.3883,7.0000,-41.2927,-55.7403,14.3189,8.0000,-21.1169,-4.3435,6.0392,10.0000,-16.0758,6.0408,-133.8815,9.0000,5.4689,12.7496,142.0751,11.0000,13.8913,2.3800,83.9482
1.0000,-15.4256,46.4298,48.0731,2.0000,-27.0754,67.5934,-162.7778,4.0000,-22.2959,-22.9410,-51.9474,3.0000,12.4745,-15.1672,169.3945,5.0000,29.9060,-20.8109,-89.4052,7.0000,-41.2927,-55.7403,14.3189,8.0000,-21.1169,-4.3435,6.0392,10.0000,-16.0758,6.0408,-133.8815,9.0000,3.5652,11.6663,146.3471,11.0000,13.8913,2.3800,83.9482
1.0000,-15.4256,46.4298,48.0731,2.0000,-27.0754,67.5934,-162.7778,4.0000,-22.2959,-22.9410,-51.9474,3.0000,12.4745,-15.1672,169.3945,5.0000,29.9060,-20.8109,-89.4052,7.0000,-41.2927,-55.7403,14.3189,8.0000,-21.1169,-4.3435,6.0392,10.0000,-20.4129,5.2349,-141.0782,9.0000,3.5652,11.6663,146.3471,11.0000,13.8913,2.3800,83.9482
1.0000,-15.3856,46.3968,48.2009,2.0000,-26.9875,67.4804,-162.5286,4.0000,-22.2959,-22.9410,-51.9474,3.0000,12.4745,-15.1672,169.3945,5.0000,29.9060,-20.8109,-89.4052,7.0000,-41.2927,-55.7403,14.3189,8.0000,-21.1169,-4.3435,6.0392,10.0000,-20.4129,5.2349,-141.0782,9.0000,3.5652,11.6663,146.3471,11.0000,12.9135,0.3715,92.7466
1.0000,-15.3856,46.3968,48.2009,2.0000,-26.9875,67.4804,-162.5286,4.0000,-22.2959,-22.9410,-51.9474,3.0000,12.4891,-15.1376,169.3076,5.0000,29.9060,-20.8109,-89.4052,7.0000,-41.5780,-55.4154,13.6600,8.0000,-21.1169,-4.3435,6.0392,10.0000,-20.4129,5.2349,-141.0782,9.0000,3.5652,11.6663,146.3471,11.0000,12.9135,0.3715,92.7466
1.0000,-15.3856,46.3968,48.2009,2.0000,-26.9875,67.4804,-162.5286,4.0000,-22.3383,-22.9291,-51.8664,3.0000,12.4891,-15.1376,169.3076,5.0000,29.9451,-20.7914,-89.4300,7.0000,-41.5780,-55.4154,13.6600,8.0000,-17.0069,-2.9616,-3.6266,10.0000,-20.4129,5.2349,-141.0782,9.0000,3.5652,11.6663,146.3471,11.0000,12.9135,0.3715,92.7466
1.0000,-15.3552,46.3349,48.2747,2.0000,-26.9875,67.4804,-162.5286,4.0000,-22.3383,-22.9291,-51.8664,3.0000,12.4891,-15.1376,169.3076,5.0000,29.9451,-20.7914,-89.4300,7.0000,-41.5780,-55.4154,13.6600,8.0000,-17.0069,-2.9616,-3.6266,10.0000,-20.4129,5.2349,-141.0782,9.0000,3.5652,11.6663,146.3471,11.0000,12.9135,0.3715,92.7466
1.0000,-15.3552,46.3349,48.2747,2.0000,-26.9801,67.5201,-162.5086,4.0000,-22.3383,-22.9291,-51.8664,3.0000,12.4891,-15.1376,169.3076,5.0000,29.9451,-20.7914,-89.4300,7.0000,-41.5780,-55.4154,13.6600,8.0000,-17.0069,-2.9616,-3.6266,10.0000,-20.4129,5.2349,-141.0782,9.0000,1.8035,11.0535,146.7269,11.0000,12.9135,0.3715,92.7466
1.0000,-15.3552,46.3349,48.2747,2.0000,-26.9801,67.5201,-162.5086,4.0000,-22.3383,-22.9291,-51.8664,3.0000,12.5169,-15.1508,169.2170,5.0000,29.9451,-20.7914,-89.4300,7.0000,-41.5780,-55.4154,13.6600,8.0000,-17.0069,-2.9616,-3.6266,10.0000,-21.9381,2.9922,-147.0353,9.0000,1.8035,11.0535,146.7269,11.0000,12.9135,0.3715,92.7466
1.0000,-15.3552,46.3349,48.2747,2.0000,-26.9801,67.5201,-162.5086,4.0000,-22.3837,-22.8673,-51.8559,3.0000,12.5169,-15.1508,169.2170,5.0000,29.9451,-20.7914,-89.4300,7.0000,-41.5780,-55.4154,13.6600,8.0000,-17.0069,-2.9616,-3.6266,10.0000,-21.9381,2.9922,-147.0353,9.0000,1.8035,11.0535,146.7269,11.0000,11.8525,-1.6073,95.5756
1.0000,-15.3552,46.3349,48.2747,2.0000,-26.9801,67.5201,-162.5086,4.0000,-22.3837,-22.8673,-51.8559,3.0000,12.5169,-15.1508,169.2170,5.0000,29.9370,-20.7833,-89.4001,7.0000,-41.9750,-54.9635,12.7970,8.0000,-17.0069,-2.9616,-3.6266,10.0000,-21.9381,2.9922,-147.0353,9.0000,1.8035,11.0535,146.7269,11.0000,11.8525,-1.6073,95.5756
1.0000,-15.3097,46.3107,48.3494,2.0000,-26.9801,67.5201,-162.5086,4.0000,-22.3837,-22.8673,-51.8559,3.0000,12.5169,-15.1508,169.2170,5.0000,29.9370,-20.7833,-89.4001,7.0000,-41.9750,-54.9635,12.7970,8.0000,-15.9280,-3.9407,-7.4001,10.0000,-21.9381,2.9922,-147.0353,9.0000,1.8035,11.0535,146.7269,11.0000,11.8525,-1.6073,95.5756
1.0000,-15.3097,46.3107,48.3494,2.0000,-26.9539,67.5502,-162.4615,4.0000,-22.3837,-22.8673,-51.8559,3.0000,12.5169,-15.1508,169.2170,5.0000,29.9370,-20.7833,-89.4001,7.0000,-42.6030,-54.5674,12.1117,8.0000,-15.9280,-3.9407,-7.4001,10.0000,-21.2151,0.0895,-150.8547,9.0000,1.8035,11.0535,146.7269,11.0000,11.8525,-1.6073,95.5756
1.0000,-15.3097,46.3107,48.3494,2.0000,-26.9539,67.5502,-162.4615,4.0000,-22.4128,-22.8704,-51.8440,3.0000,12.5404,-15.1745,169.1015,5.0000,29.9370,-20.7833,-89.4001,7.0000,-42.6030,-54.5674,12.1117,8.0000,-15.6621,-5.2851,-8.8823,10.0000,-21.2151,0.0895,-150.8547,9.0000,1.8035,11.0535,146.7269,11.0000,11.8525,-1.6073,95.5756
1.0000,-15.3097,46.3107,48.3494,2.0000,-26.9539,67.5502,-162.4615,4.0000,-22.4128,-22.8704,-51.8440,3.0000,12.5404,-15.1745,169.1015,5.0000,29.9867,-20.7671,-89.4075,7.0000,-42.6030,-54.5674,12.1117,8.0000,-15.6621,-5.2851,-8.8823,10.0000,-21.2151,0.0895,-150.8547,9.0000,0.8586,10.6558,138.7260,11.0000,11.8525,-1.6073,95.5756
1.0000,-15.3185,46.2801,48.4696,2.0000,-26.9539,67.5502,-162.4615,4.0000,-22.4128,-22.8704,-51.8440,3.0000,12.5404,-15.1745,169.1015,5.0000,29.9867,-20.7671,-89.4075,7.0000,-42.6030,-54.5674,12.1117,8.0000,-15.6621,-5.2851,-8.8823,10.0000,-19.5979,-1.7480,-153.2044,9.0000,0.8586,10.6558,138.7260,11.0000,11.8525,-1.6073,95.5756
1.0000,-15.3185,46.2801,48.4696,2.0000,-26.9910,67.5570,-162.5220,4.0000,-22.4128,-22.8704,-51.8440,3.0000,12.5404,-15.1745,169.1015,5.0000,29.9867,-20.7671,-89.4075,7.0000,-42.6030,-54.5674,12.1117,8.0000,-15.6621,-5.2851,-8.8823,10.0000,-19.5979,-1.7480,-153.2044,9.0000,0.8586,10.6558,138.7260,11.0000,12.6735,-2.6387,84.4029
1.0000,-15.3185,46.2801,48.4696,2.0000,-26.9910,67.5570,-162.5220,4.0000,-22.4128,-22.8704,-51.8440,3.0000,12.5617,-15.1638,169.0085,5.0000,29.9867,-20.7671,-89.4075,7.0000,-43.5049,-54.4787,11.6965,8.0000,-15.6621,-5.2851,-8.8823,10.0000,-19.5979,-1.7480,-153.2044,9.0000,0.8586,10.6558,138.7260,11.0000,12.6735,-2.6387,84.4029
1.0000,-15.3185,46.2801,48.4696,2.0000,-26.9910,67.5570,-162.5220,4.0000,-22.4362,-22.7882,-51.8688,3.0000,12.5617,-15.1638,169.0085,5.0000,29.9867,-20.7671,-89.4075,7.0000,-43.5049,-54.4787,11.6965,8.0000,-16.0057,-6.7034,-9.2714,10.0000,-19.5979,-1.7480,-153.2044,9.0000,0.8586,10.6558,138.7260,11.0000,12.6735,-2.6387,84.4029
1.0000,-15.3185,46.2801,48.4696,2.0000,-26.9910,67.5570,-162.5220,4.0000,-22.4362,-22.7882,-51.8688,3.0000,12.5617,-15.1638,169.0085,5.0000,30.0445,-20.7345,-89.4434,7.0000,-43.5049,-54.4787,11.6965,8.0000,-16.0057,-6.7034,-9.2714,10.0000,-19.5979,-1.7480,-153.2044,9.0000,1.2702,11.0305,134.1921,11.0000,12.6735,-2.6387,84.4029
1.0000,-15.2613,46.2301,48.5382,2.0000,-26.9910,67.5570,-162.5220,4.0000,-22.4362,-22.7882,-51.8688,3.0000,12.5617,-15.1638,169.0085,5.0000,30.0445,-20.7345,-89.4434,7.0000,-43.5049,-54.4787,11.6965,8.0000,-16.0057,-6.7034,-9.2714,10.0000,-18.6490,-2.1803,-154.6725,9.0000,1.2702,11.0305,134.1921,11.0000,13.5060,-1.8815,75.7362
1.0000,-15.2613,46.2301,48.5382,2.0000,-27.0356,67.5723,-162.5928,4.0000,-22.4362,-22.7882,-51.8688,3.0000,12.6041,-15.1776,168.9177,5.0000,30.0445,-20.7345,-89.4434,7.0000,-44.3539,-53.7408,10.9170,8.0000,-16.0057,-6.7034,-9.2714,10.0000,-18.6490,-2.1803,-154.6725,9.0000,1.2702,11.0305,134.1921,11.0000,13.5060,-1.8815,75.7362
1.0000,-15.2613,46.2301,48.5382,2.0000,-27.0356,67.5723,-162.5928,4.0000,-22.4158,-22.8119,-51.8586,3.0000,12.6041,-15.1776,168.9177,5.0000,30.0445,-20.7345,-89.4434,7.0000,-44.3539,-53.7408,10.9170,8.0000,-16.2423,-8.0072,-11.9436,10.0000,-18.6490,-2.1803,-154.6725,9.0000,1.2702,11.0305,134.1921,11.0000,13.5060,-1.8815,75.7362
1.0000,-15.2613,46.2301,48.5382,2.0000,-27.0356,67.5723,-162.5928,4.0000,-22.4158,-22.8119,-51.8586,3.0000,12.6041,-15.1776,168.9177,5.0000,30.1198,-20.7352,-89.4296,7.0000,-44.3539,-53.7408,10.9170,8.0000,-16.2423,-8.0072,-11.9436,10.0000,-18.6490,-2.1803,-154.6725,9.0000,2.0206,11.7875,129.9339,11.0000,13.5060,-1.8815,75.7362
1.0000,-15.1960,46.1908,48.5856,2.0000,-27.0356,67.5723,-162.5928,4.0000,-22.4158,-22.8119,-51.8586,3.0000,12.6041,-15.1776,168.9177,5.0000,30.1198,-20.7352,-89.4296,7.0000,-44.3539,-53.7408,10.9170,8.0000,-16.2423,-8.0072,-11.9436,10.0000,-18.1973,-3.2562,-160.8529,9.0000,2.0206,11.7875,129.9339,11.0000,13.5060,-1.8815,75.7362
1.0000,-15.1960,46.1908,48.5856,2.0000,-27.1771,67.5391,-162.7770,4.0000,-22.4158,-22.8119,-51.8586,3.0000,12.6041,-15.1776,168.9177,5.0000,30.1198,-20.7352,-89.4296,7.0000,-44.3539,-53.7408,10.9170,8.0000,-16.2423,-8.0072,-11.9436,10.0000,-18.1973,-3.2562,-160.8529,9.0000,2.0206,11.7875,129.9339,11.0000,14.1134,-1.3966,68.7497
1.0000,-15.1960,46.1908,48.5856,2.0000,-27.1771,67.5391,-162.7770,4.0000,-22.4158,-22.8119,-51.8586,3.0000,12.6618,-15.1909,168.8773,5.0000,30.1198,-20.7352,-89.4296,7.0000,-45.2443,-53.0186,10.3345,8.0000,-16.2423,-8.0072,-11.9436,10.0000,-18.1973,-3.2562,-160.8529,9.0000,2.0206,11.7875,129.9339,11.0000,14.1134,-1.3966,68.7497
1.0000,-15.1960,46.1908,48.5856,2.0000,-27.1771,67.5391,-162.7770,4.0000,-22.3624,-22.8094,-51.8948,3.0000,12.6618,-15.1909,168.8773,5.0000,30.1198,-20.7352,-89.4296,7.0000,-45.2443,-53.0186,10.3345,8.0000,-16.6527,-8.9049,-14.7001,10.0000,-18.1973,-3.2562,-160.8529,9.0000,2.0206,11.7875,129.9339,11.0000,14.1134,-1.3966,68.7497
1.0000,-15.1960,46.1908,48.5856,2.0000,-27.1771,67.5391,-162.7770,4.0000,-22.3624,-22.8094,-51.8948,3.0000,12.6618,-15.1909,168.8773,5.0000,30.1681,-20.7465,-89.4120,7.0000,-45.2443,-53.0186,10.3345,8.0000,-16.6527,-8.9049,-14.7001,10.0000,-17.3569,-5.5375,-168.2918,9.0000,3.0737,12.4115,127.0853,11.0000,14.1134,-1.3966,68.7497
1.0000,-15.1229,46.1709,48.6488,2.0000,-27.1771,67.5391,-162.7770,4.0000,-22.3624,-22.8094,-51.8948,3.0000,12.6618,-15.1909,168.8773,5.0000,30.1681,-20.7465,-89.4120,7.0000,-45.2443,-53.0186,10.3345,8.0000,-16.6527,-8.9049,-14.7001,10.0000,-17.3569,-5.5375,-168.2918,9.0000,3.0737,12.4115,127.0853,11.0000,14.6687,-0.9126,63.6178
1.0000,-15.1229,46.1709,48.6488,2.0000,-27.2410,67.5433,-162.8953,4.0000,-22.3624,-22.8094,-51.8948,3.0000,12.7045,-15.2169,168.8255,5.0000,30.1681,-20.7465,-89.4120,7.0000,-46.7254,-52.5109,11.6788,8.0000,-16.6527,-8.9049,-14.7001,10.0000,-17.3569,-5.5375,-168.2918,9.0000,3.0737,12.4115,127.0853,11.0000,14.6687,-0.9126,63.6178
1.0000,-15.1229,46.1709,48.6488,2.0000,-27.2410,67.5433,-162.8953,4.0000,-22.4151,-22.7569,-51.8757,3.0000,12.7045,-15.2169,168.8255,5.0000,30.1681,-20.7465,-89.4120,7.0000,-46.7254,-52.5109,11.6788,8.0000,-17.2995,-10.2414,-17.7435,10.0000,-17.3569,-5.5375,-168.2918,9.0000,3.0737,12.4115,127.0853,11.0000,14.6687,-0.9126,63.6178
1.0000,-15.1229,46.1709,48.6488,2.0000,-27.2410,67.5433,-162.8953,4.0000,-22.4151,-22.7569,-51.8757,3.0000,12.7045,-15.2169,168.8255,5.0000,30.1054,-20.7509,-89.3050,7.0000,-46.7254,-52.5109,11.6788,8.0000,-17.2995,-10.2414,-17.7435,10.0000,-17.3569,-5.5375,-168.2918,9.0000,4.3599,13.2846,125.8089,11.0000,14.6687,-0.9126,63.6178
1.0000,-15.0162,46.1074,48.6654,2.0000,-27.2410,67.5433,-162.8953,4.0000,-22.4151,-22.7569,-51.8757,3.0000,12.7045,-15.2169,168.8255,5.0000,30.1054,-20.7509,-89.3050,7.0000,-46.7254,-52.5109,11.6788,8.0000,-17.2995,-10.2414,-17.7435,10.0000,-15.8625,-6.5223,-172.5760,9.0000,4.3599,13.2846,125.8089,11.0000,14.6687,-0.9126,63.6178
1.0000,-15.0162,46.1074,48.6654,2.0000,-27.2340,67.4856,-162.8266,4.0000,-22.4151,-22.7569,-51.8757,3.0000,12.7045,-15.2169,168.8255,5.0000,30.1054,-20.7509,-89.3050,7.0000,-46.7254,-52.5109,11.6788,8.0000,-17.2995,-10.2414,-17.7435,10.0000,-15.8625,-6.5223,-172.5760,9.0000,4.3599,13.2846,125.8089,11.0000,14.7908,-0.2379,60.7067
1.0000,-15.0162,46.1074,48.6654,2.0000,-27.2340,67.4856,-162.8266,4.0000,-22.4151,-22.7569,-51.8757,3.0000,12.7137,-15.1961,168.7599,5.0000,30.1054,-20.7509,-89.3050,7.0000,-46.7622,-52.8122,12.4015,8.0000,-17.2995,-10.2414,-17.7435,10.0000,-15.8625,-6.5223,-172.5760,9.0000,4.3599,13.2846,125.8089,11.0000,14.7908,-0.2379,60.7067
1.0000,-15.0162,46.1074,48.6654,2.0000,-27.2340,67.4856,-162.8266,4.0000,-22.4437,-22.7645,-51.7885,3.0000,12.7137,-15.1961,168.7599,5.0000,30.1054,-20.7509,-89.3050,7.0000,-46.7622,-52.8122,12.4015,8.0000,-18.6360,-10.0959,-16.9743,10.0000,-15.8625,-6.5223,-172.5760,9.0000,5.3106,13.4086,126.9659,11.0000,14.7908,-0.2379,60.7067
1.0000,-15.0162,46.1074,48.6654,2.0000,-27.2340,67.4856,-162.8266,4.0000,-22.4437,-22.7645,-51.7885,3.0000,12.7137,-15.1961,168.7599,5.0000,30.0703,-20.7200,-89.3196,7.0000,-46.7622,-52.8122,12.4015,8.0000,-18.6360,-10.0959,-16.9743,10.0000,-14.6750,-4.1805,-170.7466,9.0000,5.3106,13.4086,126.9659,11.0000,14.7908,-0.2379,60.7067
